,istech,area_title,tot_emp,sum_area_occupations,jobs_1000,area_name,population,median_age,average_income,family_poverty,educational_attainment_bachelors,educational_attainment_graduate,educational_attainment_high_school,educational_attainment_no_diploma,educational_attainment_some_college,race_asian,race_white,race_black,race_hispanic,race_native,race_islander,race_two,race_other
1,1,"Abilene, TX",3730,66070,28,"Abilene, TX",133731,29,52989,16198,19975,9695,40965,19258,43669,2626,81145,12275,34147,689,73,2576,200
3,1,"Akron, OH",24730,311500,66,"Akron, OH",374675,38,57023,52405,60910,29186,132252,41708,110658,9945,279041,66305,7245,784,77,10800,478
5,1,"Albany, GA",3560,55640,36,"Albany, GA",98002,35,53876,24957,11517,8460,29032,16919,32046,959,28981,63178,2916,119,26,1761,62
7,1,"Albany, OR",2310,42720,36,"Albany, OR",63503,38,72395,6409,11043,5806,15482,5150,26013,1185,52553,367,7282,410,47,1649,10
9,1,"Albuquerque, NM",27790,374380,44,"Albuquerque, NM",638803,36,66708,92558,111538,91807,152964,78799,203804,14485,252843,16466,317922,22924,353,11870,1940
11,1,"Alexandria, LA",2770,57140,43,"Alexandria, LA",64782,40,58470,11744,8400,5555,23571,9809,17446,1862,27828,32237,1587,226,7,1004,31
13,1,"Altoona, PA",2920,54790,47,"Altoona, PA",61762,40,55368,9357,7932,3707,28874,6570,14736,190,57740,1486,934,0,7,1386,19
15,1,"Amarillo, TX",6250,107860,27,"Amarillo, TX",227906,36,72544,28207,32787,15679,61809,38650,78994,8040,131730,14345,68070,829,174,4539,179
17,1,"Ames, IA",4170,42980,60,"Ames, IA",69189,22,35781,2342,19565,19574,13031,1540,13890,6813,55861,1683,2352,175,34,2257,14
19,1,"Anchorage, AK",14980,164500,17,"Anchorage, AK",906735,34,103078,50058,198858,113526,215091,58227,320844,82416,539625,46959,79809,61260,20832,73740,2094
21,1,"Ann Arbor, MI",9090,197030,55,"Ann Arbor, MI",164626,29,79945,8478,48743,71547,12527,4830,26936,25432,114843,10621,6512,357,57,6491,313
23,1,"Appleton, WI",6620,116350,43,"Appleton, WI",152949,37,74026,10096,33401,13978,46074,10840,48698,7539,130402,2904,8374,780,45,2702,203
25,1,"Asheville, NC",9450,184100,49,"Asheville, NC",191941,41,71349,16348,49168,29664,41972,15695,55401,2924,157211,14351,12624,831,171,3686,143
27,1,"Athens-Clarke County, GA",2420,76760,17,"Athens-Clarke County, GA",140556,29,45080,25290,28134,27501,30672,17545,34487,5665,82883,34414,14550,157,6,2688,193
29,1,"Bakersfield, CA",16360,304130,35,"Bakersfield, CA",470160,30,71101,77596,62320,32383,127766,92655,155076,27014,190050,25427,213855,2197,613,10547,457
31,1,"Bangor, ME",4300,60950,80,"Bangor, ME",53468,40,80487,5491,11218,6744,15024,3840,16601,963,49770,542,805,288,5,1025,70
33,1,"Barnstable Town, MA",6900,92540,104,"Barnstable Town, MA",66298,51,115259,3400,13935,9694,18621,3428,20628,607,57944,2676,2309,726,133,1286,617
35,1,"Baton Rouge, LA",27150,371540,69,"Baton Rouge, LA",391399,29,60870,56140,85731,51957,103453,40451,109858,14631,163829,188955,16603,618,123,6028,612
37,1,"Battle Creek, MI",3320,48150,35,"Battle Creek, MI",93815,40,62566,13313,13475,6027,33712,8385,32242,2588,70663,11263,4912,578,49,3700,62
39,1,"Bay City, MI",1580,29730,24,"Bay City, MI",66132,41,56197,9342,8354,4296,22049,7080,24349,406,58531,1229,4126,190,0,1614,36
41,1,"Beckley, WV",2090,40410,3235,"Beckley, WV",646,37,46718,120,7,24,323,136,154,0,522,124,0,0,0,0,0
43,1,"Bellingham, WA",4600,80780,50,"Bellingham, WA",92414,33,70157,8749,23562,13534,18518,5806,30897,4974,72450,1172,6764,3538,233,3248,35
45,1,"Billings, MT",4480,84140,33,"Billings, MT",136413,38,85427,9853,29138,13327,40161,9865,43958,921,117015,833,7920,6079,124,3422,99
47,1,"Binghamton, NY",2470,88950,87,"Binghamton, NY",28365,40,62885,4206,3936,3179,9434,3025,8768,598,23229,1919,1499,65,0,1045,10
49,1,"Bismarck, ND",4790,67940,54,"Bismarck, ND",89120,36,86447,4604,22812,8838,20583,5521,31358,685,79940,1560,1958,3405,39,1492,41
51,1,"Bloomington, IL",16780,82520,119,"Bloomington, IL",140839,32,92406,11617,44479,24035,31652,5531,35147,8655,107317,13521,7723,238,25,2698,662
53,1,"Bloomington, IN",6050,60680,67,"Bloomington, IN",89672,24,33606,11929,21929,18577,19024,7319,22802,4612,75770,2878,3340,202,24,2773,73
55,1,"Boise City, ID",32530,333900,76,"Boise City, ID",428241,37,83485,31093,108525,52819,96275,22231,148254,11078,365079,5412,33309,1731,525,10718,389
57,1,"Boulder, CO",15400,170600,301,"Boulder, CO",51198,35,103085,1616,16005,23857,2616,1255,7432,2487,41951,382,4569,57,67,1533,152
59,1,"Bowling Green, KY",3920,68060,33,"Bowling Green, KY",118775,28,63319,15532,20728,13926,35470,14736,33902,4075,94140,11191,6099,441,296,2266,267
61,1,"Brunswick, GA",2910,38960,55,"Brunswick, GA",52564,36,50403,12354,6246,3702,17154,8041,17386,898,26251,19842,4084,178,31,1197,83
63,1,"Burlington, NC",3470,60640,23,"Burlington, NC",149923,37,63433,20181,22732,11435,43199,23150,49322,2455,95565,29652,18833,421,63,2787,147
65,1,"Carson City, NV",2720,28920,45,"Carson City, NV",60964,45,73084,6614,7868,5063,17304,8279,22443,1384,41565,870,14379,1152,59,1466,89
67,1,"Casper, WY",2020,36850,42,"Casper, WY",48243,34,67012,2953,7411,3983,13742,3636,19472,325,41589,765,4073,430,5,1056,0
69,1,"Cedar Rapids, IA",16070,137150,102,"Cedar Rapids, IA",157513,38,93509,10712,38221,17118,39824,6882,55461,4143,137414,6992,4482,89,120,3918,355
71,1,"Charleston, WV",8780,102850,94,"Charleston, WV",93146,42,68480,11937,16250,13631,31074,8680,23476,1283,78202,8636,1274,64,0,3503,184
73,1,"Charlottesville, VA",4350,101770,54,"Charlottesville, VA",81099,34,92357,6778,22380,22511,13668,7189,15319,5573,56875,11066,5251,193,22,2067,52
75,1,"Cheyenne, WY",3360,41470,98,"Cheyenne, WY",34274,43,96731,856,8260,5449,6477,1336,12818,567,29095,1101,2728,130,0,653,0
77,1,"Chico, CA",4730,73600,42,"Chico, CA",111302,31,72754,13104,27101,14289,19297,8306,42339,4437,81137,1922,18938,382,192,4020,274
79,1,"Cleveland, TN",2660,35370,27,"Cleveland, TN",98124,38,64591,14001,13924,8448,30732,15649,29291,1194,84521,4778,6090,65,32,1271,173
81,1,"Colorado Springs, CO",27410,278200,65,"Colorado Springs, CO",423172,35,89122,35205,101914,68514,80702,25860,146224,10306,307347,20421,64840,1658,750,16607,1243
83,1,"Columbia, MO",6500,80320,43,"Columbia, MO",149625,27,50957,16955,41401,33012,28395,9331,37186,7233,114828,14770,5435,217,151,6659,332
85,1,"Columbia, SC",28500,373110,49,"Columbia, SC",585841,32,62972,64090,129762,83182,137308,53519,181070,14935,315859,206367,31817,1029,626,13816,1392
87,1,"Columbus, IN",4530,42950,64,"Columbus, IN",71264,38,76589,5988,13931,9833,22889,6648,17984,5064,58786,1340,4547,193,64,1145,125
89,1,"Columbus, OH",95620,1026560,95,"Columbus, OH",1004592,34,80418,126730,280397,176140,214676,84941,248486,59185,673600,188642,45677,1547,368,32947,2626
91,1,"Corpus Christi, TX",10340,179010,30,"Corpus Christi, TX",342501,35,65948,41990,46725,25807,100446,58944,110426,6965,108077,12998,209930,812,227,3294,198
93,1,"Corvallis, OR",3160,32360,47,"Corvallis, OR",66792,26,48327,5767,19682,19588,7727,2424,17324,5486,53119,697,4735,279,202,2233,41
95,1,"Dalton, GA",3330,59990,37,"Dalton, GA",90476,36,71075,13643,8409,4157,25748,30132,22023,1311,50124,3694,34397,136,0,758,56
97,1,"Danbury, CT",1840,65950,15,"Danbury, CT",126851,41,133898,8910,30664,22956,29998,16730,26435,6806,80699,5640,28353,178,49,1989,3137
99,1,"Danville, IL",1490,25200,40,"Danville, IL",37475,41,53493,8004,3833,1649,15043,5276,11634,565,24553,9528,1981,39,19,747,43
101,1,"Dayton, OH",31660,357620,97,"Dayton, OH",327623,37,55331,59898,44890,31930,94143,40525,115975,5384,206038,92817,10942,984,60,10780,618
103,1,"Decatur, AL",2600,53980,9,"Decatur, AL",298341,39,63150,46902,46779,20418,88083,47769,95031,2271,214026,44364,29472,1866,165,5916,261
105,1,"Decatur, IL",2660,43950,46,"Decatur, IL",57384,40,69005,10038,7903,4750,18822,6985,18881,771,41838,9340,1229,230,5,3915,56
107,1,"Dothan, AL",2560,56200,8,"Dothan, AL",321600,38,61655,46425,42963,26166,101004,45393,106131,2631,213606,87402,10542,1023,48,6159,189
109,1,"Dover, DE",960,58950,27,"Dover, DE",35390,28,36671,3465,5524,4410,10128,4200,11127,1043,19251,11048,2382,350,9,1290,17
111,1,"Dubuque, IA",4350,56020,56,"Dubuque, IA",77928,38,91574,6724,16209,8735,24056,6133,22816,1192,70401,2713,1650,28,357,1465,122
113,1,"Eau Claire, WI",3780,79100,39,"Eau Claire, WI",95800,35,69968,6496,19692,10395,24233,5782,35736,3888,86154,802,2303,359,410,1840,44
115,1,"El Centro, CA",2720,57410,37,"El Centro, CA",72728,31,79244,11477,7882,4371,16035,19939,24446,1374,9032,2234,58972,189,58,800,69
117,1,"El Paso, TX",16540,303100,25,"El Paso, TX",672806,31,54137,125448,103559,50738,162689,151142,204567,7868,92324,20777,542460,2118,537,6313,409
119,1,"Elmira, NY",1380,31750,28,"Elmira, NY",49250,40,62022,9029,5661,4676,18351,5892,14665,314,40537,4339,1798,357,7,1834,64
121,1,"Enid, OK",1350,22980,24,"Enid, OK",56420,33,46639,6140,8023,4553,20218,7055,16538,480,41992,1891,6994,1001,1753,2293,16
123,1,"Erie, PA",6310,114070,44,"Erie, PA",143650,36,46633,22484,25627,13234,54860,16062,33820,3072,112712,15136,7953,411,27,3925,414
125,1,"Eugene, OR",11480,147680,48,"Eugene, OR",237189,35,70104,25657,49737,36336,48221,17252,85735,8127,190974,3372,21287,1734,684,10499,512
127,1,"Fairbanks, AK",2340,30920,8,"Fairbanks, AK",283536,31,90240,13314,59055,33090,61983,15507,113877,8184,201483,11514,21639,18273,1287,20814,342
129,1,"Farmington, NM",1900,43090,66,"Farmington, NM",28973,42,73182,2393,3071,2161,9007,3407,11333,155,19392,160,6486,2067,63,622,28
131,1,"Fayetteville, NC",7030,122690,24,"Fayetteville, NC",295591,31,57940,44365,48364,24830,74581,26514,121377,7633,126804,108439,34892,2743,776,13557,747
133,1,"Flagstaff, AZ",3930,52160,22,"Flagstaff, AZ",178952,27,56175,14778,44064,34302,26008,10780,63856,4288,118828,3024,32190,14606,286,5412,318
135,1,"Flint, MI",6000,121480,36,"Flint, MI",166495,35,42213,48463,14132,7063,59095,24182,61910,887,83796,67665,6374,1040,26,6490,217
137,1,"Florence, SC",4600,83790,46,"Florence, SC",100962,38,64248,12700,16489,9179,31903,13051,30360,1550,54139,41143,2354,148,74,1472,82
139,1,"Fond du Lac, WI",2890,38170,47,"Fond du Lac, WI",61357,40,73212,4500,10617,4402,21674,4837,19700,1168,53463,1091,3962,364,0,1224,85
141,1,"Fort Collins, CO",5300,150100,39,"Fort Collins, CO",135914,29,78648,8285,42284,29745,21179,4611,38005,3696,111278,2016,15004,768,109,2965,78
143,1,"Fort Wayne, IN",13110,205550,39,"Fort Wayne, IN",333391,35,65033,41762,59301,31398,96910,36486,109210,12762,241712,41177,25667,589,126,10786,572
145,1,"Fresno, CA",19310,376220,27,"Fresno, CA",716825,32,68267,150676,104076,53879,159888,160377,238584,88642,238685,43470,324689,3153,1182,15570,1434
147,1,"Gadsden, AL",1230,31730,5,"Gadsden, AL",237057,41,54095,36708,24138,16218,76968,41580,77946,1704,173880,47043,9684,951,213,3363,219
149,1,"Gainesville, FL",10520,135800,51,"Gainesville, FL",206858,30,54938,30126,43833,50324,39783,14870,58017,14516,122074,42809,20596,611,145,5457,650
151,1,"Gainesville, GA",570,83700,4,"Gainesville, GA",136696,33,70122,20371,18499,10704,37984,35730,33727,2282,75132,10695,46545,186,10,1731,115
153,1,"Glens Falls, NY",2620,46620,53,"Glens Falls, NY",49181,42,73803,3201,7614,6661,15931,3204,15747,637,45866,727,1231,171,33,505,11
155,1,"Goldsboro, NC",1610,41570,19,"Goldsboro, NC",82997,34,41834,14754,12479,4901,23952,12711,28935,1407,41289,28874,8410,219,28,2735,35
157,1,"Grand Island, NE",2070,38910,36,"Grand Island, NE",56882,37,74076,6512,7698,3412,17785,9369,18613,702,38281,1337,15526,183,141,565,147
159,1,"Grand Junction, CO",2390,58930,18,"Grand Junction, CO",133831,39,67590,17968,24283,11644,37816,13511,46576,934,108372,947,20088,768,133,2350,239
161,1,"Grants Pass, OR",1440,25850,42,"Grants Pass, OR",34681,48,59180,4335,3676,2323,11548,3918,13213,234,30943,53,2041,460,1,949,0
163,1,"Great Falls, MT",2010,34110,27,"Great Falls, MT",73935,37,60869,7216,13570,6947,22577,5881,24919,668,62762,1034,3371,3360,72,2652,16
165,1,"Greeley, CO",1410,100580,8,"Greeley, CO",179550,32,81303,17556,31604,15616,48756,24981,58420,2376,113444,2416,57058,785,109,3073,289
167,1,"Green Bay, WI",10910,163470,57,"Green Bay, WI",192937,37,72693,19474,38320,15734,58981,19290,60569,6471,150856,4697,19560,5767,0,5265,321
169,1,"Greenville, NC",1070,71060,8,"Greenville, NC",140495,30,68471,21182,30646,19117,30554,12975,47138,2934,76470,48387,8620,287,61,3090,646
171,1,"Hammond, LA",1820,42050,23,"Hammond, LA",79042,29,48490,13781,12086,5851,25366,11744,24005,836,50442,22720,3330,91,0,1540,83
173,1,"Harrisonburg, VA",3110,56540,43,"Harrisonburg, VA",72942,26,43965,8106,13961,10466,18026,10985,16232,2419,51884,3924,12490,75,48,1916,186
175,1,"Hattiesburg, MS",3570,60860,42,"Hattiesburg, MS",85210,27,42928,15196,19000,12293,19673,9208,25112,1216,46128,33807,2408,106,9,1520,16
177,1,"Hinesville, GA",1240,17590,787,"Hinesville, GA",1575,22,-1,0,149,0,571,0,853,68,757,377,305,0,21,47,0
179,1,"Homosassa Springs, FL",1310,30070,49,"Homosassa Springs, FL",27003,58,54430,2395,3993,1615,9498,3473,8446,378,24500,536,1215,148,0,226,0
181,1,"Hot Springs, AR",1920,35150,10,"Hot Springs, AR",186882,47,56337,23950,26998,15058,54968,21194,68616,894,153710,15408,11086,1156,16,4544,68
183,1,"Huntsville, AL",17470,218720,16,"Huntsville, AL",1097760,37,90040,116487,279150,169914,226605,98880,323160,28287,713190,264255,53979,5994,708,28521,2826
185,1,"Idaho Falls, ID",5130,68820,48,"Idaho Falls, ID",107054,33,75976,9617,21945,9353,28188,9217,38408,922,89068,550,13896,324,179,2057,58
187,1,"Iowa City, IA",7060,78450,268,"Iowa City, IA",26348,22,42223,1185,8297,8124,3592,1117,5215,1064,22355,708,1257,37,133,720,74
189,1,"Ithaca, NY",2070,43960,238,"Ithaca, NY",8695,31,35409,545,3905,643,1971,539,1635,201,7446,386,358,59,0,195,50
191,1,"Jackson, MI",3010,42960,29,"Jackson, MI",102465,38,57842,15090,14055,6341,34384,11071,36682,956,81638,12228,4303,343,37,2901,59
193,1,"Jackson, MS",17780,251550,64,"Jackson, MS",275698,31,55577,48028,47845,33672,69593,36429,86879,3676,85082,177890,6372,321,92,1900,365
195,1,"Jackson, TN",3500,63770,39,"Jackson, TN",88680,40,56140,15169,15555,8220,29943,9850,25137,1048,48252,34367,3376,41,0,1536,60
197,1,"Jacksonville, FL",54580,683500,60,"Jacksonville, FL",906683,35,66129,112662,173209,80832,255692,98217,298760,41705,488729,266653,81270,1387,831,23921,2187
199,1,"Jacksonville, NC",2190,45500,17,"Jacksonville, NC",132005,24,50702,15569,18994,7479,36528,9825,59220,2850,80845,22837,17754,537,340,6661,181
201,1,"Jefferson City, MO",6540,72590,82,"Jefferson City, MO",79748,38,67110,7054,16890,8701,24711,6823,22624,1169,64957,9116,2168,311,42,1492,493
203,1,"Johnson City, TN",4790,75020,36,"Johnson City, TN",132565,38,53743,16426,24822,17440,38539,14454,37269,2054,118231,5040,4214,396,7,2621,2
205,1,"Johnstown, PA",2370,46440,159,"Johnstown, PA",14889,47,31470,3596,1172,555,7192,2353,3624,47,11968,1621,419,2,0,770,62
207,1,"Jonesboro, AR",3340,54870,36,"Jonesboro, AR",91806,32,51418,12694,16457,9601,29135,9944,26373,1187,68651,13870,4841,195,154,2794,114
209,1,"Joplin, MO",4070,76300,46,"Joplin, MO",88208,36,61795,9583,15360,7031,28731,9360,27665,1064,76974,2363,3259,1596,48,2770,134
211,1,"Kankakee, IL",2830,41930,59,"Kankakee, IL",47916,36,63692,8187,4382,2916,15941,8113,16586,446,29381,10845,6459,144,13,598,30
213,1,"Kingston, NY",2620,54350,74,"Kingston, NY",35258,41,66847,4513,5218,4442,11212,4689,9731,1249,24504,3863,4188,30,8,1332,84
215,1,"Knoxville, TN",34390,376490,80,"Knoxville, TN",429224,36,69380,52777,94841,63887,109419,39482,121541,9643,351450,39548,17891,947,202,8632,911
217,1,"Kokomo, IN",1230,25210,16,"Kokomo, IN",75675,40,59338,10746,9310,5197,28385,9319,23499,1036,64241,5780,2452,250,21,1751,144
219,1,"Lafayette, LA",10630,189160,44,"Lafayette, LA",241571,34,75972,29217,52731,23000,70641,31707,63540,4717,160134,61003,10897,467,0,3915,438
221,1,"Lake Charles, LA",630,96990,6,"Lake Charles, LA",108327,34,62083,17575,17161,9371,32198,15814,33762,2424,57631,40907,3895,432,0,2819,219
223,1,"Lancaster, PA",12540,232360,92,"Lancaster, PA",136856,36,75627,15978,23353,14469,46423,20479,32232,4261,86530,11823,31203,168,12,2654,205
225,1,"Laredo, TX",4820,99230,36,"Laredo, TX",133757,29,48052,43317,12729,6477,36803,50506,27282,718,3483,305,128966,117,25,71,72
227,1,"Las Cruces, NM",4290,68640,34,"Las Cruces, NM",124523,30,49039,23191,23394,17592,26238,17152,40167,1878,43800,2684,73233,1109,43,1652,124
229,1,"Lawrence, KS",3290,44700,33,"Lawrence, KS",99849,27,56276,9201,27386,24894,16428,4632,26529,5510,77454,4213,6337,2291,6,3892,146
231,1,"Lawton, OK",2790,38390,26,"Lawton, OK",108068,32,67365,14093,14777,9209,34227,10504,39292,2601,58711,19457,14431,4792,546,7450,80
233,1,"Lebanon, PA",2310,47850,28,"Lebanon, PA",83315,44,65106,8804,11147,6080,35738,10925,19433,1502,64115,1641,14778,49,15,1142,73
235,1,"Lexington-Fayette, KY",19320,256740,61,"Lexington-Fayette, KY",316124,34,78831,42073,75372,55978,64808,31027,88932,11208,226860,45235,22089,686,157,8854,1035
237,1,"Lima, OH",2230,46070,38,"Lima, OH",59112,40,57675,5879,6132,4516,21800,5872,20733,539,46417,7706,2159,124,0,1952,215
239,1,"Lincoln, NE",16210,174160,56,"Lincoln, NE",287121,37,91572,30715,68619,39044,63549,20887,94979,12899,232714,11885,20396,1321,182,7450,274
241,1,"Longview, TX",5440,92730,51,"Longview, TX",106681,34,67467,14960,16017,7069,30517,15945,37124,1118,63926,20690,18923,378,64,1444,138
243,1,"Longview, WA",1500,36540,30,"Longview, WA",49913,40,58871,7387,5141,3194,14973,6039,20514,797,40813,400,5137,418,117,2218,13
245,1,"Lubbock, TX",2560,134000,9,"Lubbock, TX",272979,29,54336,33920,51880,29044,68170,39507,84297,6031,146191,19712,95084,984,196,4557,224
247,1,"Lynchburg, VA",5520,96140,39,"Lynchburg, VA",142259,37,66523,16966,28251,18373,36182,15834,43650,3539,100798,29399,4611,304,63,3355,190
249,1,"Macon, GA",1710,91370,10,"Macon, GA",176563,37,53544,37624,25076,17885,58928,26916,47848,3218,76267,88908,5272,270,31,2488,109
251,1,"Madera, CA",2060,42280,18,"Madera, CA",113441,36,97475,22108,12720,6618,25377,37099,31610,2463,31521,3117,73600,414,61,1783,482
253,1,"Madison, WI",43630,382430,113,"Madison, WI",386122,33,84386,26876,120900,83716,61168,17410,102907,23362,300693,23058,27313,739,161,10405,391
255,1,"Manchester, NH",3470,100300,31,"Manchester, NH",113432,39,91413,8097,27000,15154,29323,9730,32157,3888,97819,3678,6166,93,16,1633,139
257,1,"Manhattan, KS",2610,36640,40,"Manhattan, KS",64536,26,54790,3924,16492,14756,8629,2633,22005,3585,51100,3085,4526,293,90,1790,67
259,1,"Mansfield, OH",1940,45710,21,"Mansfield, OH",93239,40,48143,11688,11088,4951,37723,12274,27166,919,77037,9314,1890,145,0,3790,144
261,1,"Medford, OR",5380,84070,45,"Medford, OR",120259,40,63494,15615,19037,9288,33729,14888,43291,1555,94709,558,17686,958,543,4006,244
263,1,"Merced, CA",3160,71120,48,"Merced, CA",66425,27,54251,17964,6081,2762,16110,21946,19455,8784,16181,3868,35886,161,62,1384,99
265,1,"Midland, MI",650,27670,7,"Midland, MI",86979,42,83439,5616,18764,11966,24021,4852,27397,2050,78760,1753,2438,293,51,1492,142
268,1,"Missoula, MT",3870,59120,40,"Missoula, MT",96393,36,73833,9285,25566,17173,18900,4656,30097,1428,86428,406,3027,2314,17,2733,40
270,1,"Mobile, AL",11050,167420,12,"Mobile, AL",923391,36,54361,149679,158484,84891,283338,108633,287385,15342,479103,383676,27315,1941,96,14019,1899
272,1,"Modesto, CA",9650,179530,43,"Modesto, CA",225009,34,70121,27029,29120,14519,61818,37974,81529,15110,106922,8780,83264,1149,2701,6673,410
274,1,"Monroe, LA",3610,62050,25,"Monroe, LA",142595,32,47925,30504,23048,12092,47451,21039,38937,1587,78827,57370,3160,349,0,1217,85
276,1,"Monroe, MI",1800,34900,33,"Monroe, MI",54621,40,64408,6030,6023,3498,20383,6438,18331,247,48890,2102,1974,227,7,1056,118
278,1,"Montgomery, AL",12830,155120,19,"Montgomery, AL",671394,36,63950,116916,129933,87804,170244,94746,188577,16551,233586,385761,22917,888,27,11100,564
280,1,"Morgantown, WV",4930,62030,51,"Morgantown, WV",95858,33,67376,10708,20988,20413,24942,7637,21865,3405,84116,3790,2155,75,0,1986,331
282,1,"Morristown, TN",1900,43670,27,"Morristown, TN",71359,41,54712,10839,7229,4058,29276,12967,17833,614,59139,2276,7848,96,10,1365,11
284,1,"Muncie, IN",3360,39840,36,"Muncie, IN",92683,32,38638,17304,12378,9506,34438,10128,26174,1501,78727,8034,2360,37,44,1814,166
286,1,"Muskegon, MI",2450,50430,19,"Muskegon, MI",128237,40,52664,20505,15530,7109,44853,14224,46515,671,91975,22439,7112,642,4,5364,30
288,1,"Napa, CA",600,64530,5,"Napa, CA",117077,38,107177,5931,25441,12589,22031,18824,38283,9992,60036,2432,40568,382,272,2958,437
290,1,"New Bedford, MA",3980,59440,28,"New Bedford, MA",140128,39,71082,20755,17775,10743,44793,32270,34526,2712,100346,6045,20231,70,17,3957,6750
292,1,"New Bern, NC",1780,41700,27,"New Bern, NC",66424,41,68290,5608,11400,7323,16775,7724,23159,2495,45554,13215,3530,334,15,1234,47
294,1,"New Haven, CT",5030,250110,29,"New Haven, CT",174213,34,73050,28691,27920,31090,55664,23891,35617,8016,70679,45165,45255,504,23,3935,636
296,1,"Ocala, FL",4450,97170,30,"Ocala, FL",149170,44,57141,22027,19903,11570,52403,19421,45820,2400,104547,21222,17511,227,135,3025,103
298,1,"Ocean City, NJ",1560,34620,135,"Ocean City, NJ",11585,50,152584,487,3569,2076,2664,657,2605,207,9954,296,922,9,0,197,0
300,1,"Odessa, TX",4330,72880,19,"Odessa, TX",223263,30,91597,17520,31948,11890,63358,46662,69351,3300,92838,8708,114326,690,100,2972,329
302,1,"Oklahoma City, OK",47940,611000,60,"Oklahoma City, OK",800897,35,79035,95100,153628,79591,206446,108993,252083,31239,487574,80415,132168,22527,523,45685,766
304,1,"Owensboro, KY",2650,47550,32,"Owensboro, KY",83973,38,63691,10999,11278,7302,28708,9626,27012,1249,73306,4314,2666,162,0,2112,164
306,1,"Panama City, FL",4870,71190,37,"Panama City, FL",130496,41,69492,14792,18463,10700,40638,14284,46398,3174,96014,17945,8331,779,11,4007,235
308,1,"Peoria, IL",15150,151510,88,"Peoria, IL",171508,34,68170,21677,34985,21212,43527,17236,54548,7129,116931,32285,8341,405,19,5926,472
310,1,"Pine Bluff, AR",1560,28080,12,"Pine Bluff, AR",126106,37,50220,24482,14374,8232,46574,17656,39254,978,46178,74986,2124,360,0,1336,144
312,1,"Pittsburgh, PA",36070,1014670,85,"Pittsburgh, PA",424929,35,68542,53586,94921,79303,116153,30419,104061,21537,300780,78584,11378,471,51,11219,909
314,1,"Pittsfield, MA",3690,33080,82,"Pittsfield, MA",44775,44,66779,5507,7835,5059,13342,4387,14104,905,37908,1884,2634,99,8,1268,69
316,1,"Pocatello, ID",2320,33580,29,"Pocatello, ID",79564,29,51130,10956,14858,7683,20083,6624,30285,1040,65437,463,7044,3337,150,2006,87
318,1,"Port St. Lucie, FL",8190,146270,29,"Port St. Lucie, FL",286826,46,71817,27883,41713,22677,92033,34933,95539,6284,187374,38014,49420,643,363,4520,208
320,1,"Prescott, AZ",3780,62140,20,"Prescott, AZ",190002,51,53487,17006,30266,20680,48382,17732,72946,2172,156110,1146,26266,852,0,3328,128
322,1,"Pueblo, CO",2640,59260,17,"Pueblo, CO",157537,38,57147,24514,21663,12149,45957,17830,59951,1066,81150,2590,68656,837,134,2794,310
324,1,"Punta Gorda, FL",2110,46340,65,"Punta Gorda, FL",32604,61,84254,2074,6538,4064,8799,3202,10017,174,28509,1332,1855,215,61,393,65
326,1,"Racine, WI",4020,71370,30,"Racine, WI",133183,38,70498,14187,20823,11066,40450,16138,44734,1955,85645,19542,21865,363,17,3674,122
328,1,"Raleigh, NC",37150,585510,45,"Raleigh, NC",834025,35,94978,71940,251828,143947,141477,75072,221693,40646,471240,205133,93773,2209,406,18044,2574
330,1,"Rapid City, SD",3110,63410,30,"Rapid City, SD",103485,36,67467,10651,20025,10348,28171,6835,38203,1237,83317,1123,4696,8416,71,4516,109
332,1,"Reading, PA",3120,156120,26,"Reading, PA",120748,34,57913,29215,12730,6506,42702,30904,27859,1119,51956,8320,56775,26,0,2280,272
334,1,"Redding, CA",3660,64200,36,"Redding, CA",101298,39,63363,11942,13820,7414,26424,9844,43833,2982,79429,1311,10594,2468,26,4439,49
336,1,"Reno, NV",17110,225660,49,"Reno, NV",350883,38,78892,36126,63617,37654,85853,49799,113980,18237,218216,7616,89830,3577,2227,10573,607
338,1,"Richmond, VA",23970,596760,76,"Richmond, VA",315687,35,72485,41660,74081,49540,73223,37284,81445,8888,150812,125787,19622,424,179,9137,838
340,1,"Roanoke, VA",8040,144420,41,"Roanoke, VA",198441,39,68444,22761,35682,20016,58800,24114,59834,5722,146583,32894,7798,217,171,4776,280
342,1,"Rochester, MN",6780,86670,50,"Rochester, MN",135390,39,98387,8263,33260,26431,26938,7669,41074,8745,107263,8309,6941,225,20,3607,280
344,1,"Rochester, NY",37220,475510,83,"Rochester, NY",450112,37,61064,74256,78559,57097,123177,60445,130730,16690,267955,100199,52069,893,98,11151,1057
346,1,"Rockford, IL",9380,134560,44,"Rockford, IL",212194,38,66390,29606,28785,17201,66777,29027,70374,5316,139931,31845,28929,446,37,5343,347
348,1,"Rocky Mount, NC",2120,52600,48,"Rocky Mount, NC",44168,42,57219,9083,4710,2681,16110,7717,12936,138,14919,27327,1087,32,28,609,28
350,1,"Rome, GA",420,30150,10,"Rome, GA",40827,33,68527,5349,5577,4123,12151,8079,10893,346,28895,8420,2436,99,0,548,83
352,1,"Saginaw, MI",1580,72130,17,"Saginaw, MI",92424,38,45685,20388,9504,4990,32306,14512,31130,861,45038,31274,11684,256,12,3224,75
354,1,"Salem, OR",12360,166980,55,"Salem, OR",225627,37,72800,24428,37884,22887,57664,27354,79777,4603,160667,2432,46266,1500,1979,7976,204
356,1,"Salinas, CA",8520,170840,45,"Salinas, CA",188000,36,91589,25584,19318,9427,42561,69555,47115,10418,38191,2276,133506,350,221,2742,296
358,1,"Salt Lake City, UT",92400,717780,329,"Salt Lake City, UT",280781,31,72574,28319,65166,46999,58684,29660,80231,13025,193508,5812,54572,2611,4194,6415,644
360,1,"San Angelo, TX",2780,45670,25,"San Angelo, TX",112591,31,55805,9695,18945,8348,32634,17370,35302,1276,60044,4606,44763,187,45,1538,132
362,1,"Santa Fe, NM",5070,57600,44,"Santa Fe, NM",114102,47,85214,10869,24455,23211,25051,13817,27528,1654,47811,840,60352,1683,82,1485,195
364,1,"Santa Rosa, CA",3230,180640,11,"Santa Rosa, CA",283706,41,95772,20747,59747,36645,52981,35332,99180,15181,171362,5178,78071,1776,1281,10508,349
366,1,"Savannah, GA",11210,170480,71,"Savannah, GA",157591,31,49776,30742,26546,16391,43079,22743,48781,2687,64013,78578,8782,230,150,2944,207
368,1,"Sebring, FL",1050,24460,20,"Sebring, FL",53082,56,52784,4930,6040,3627,18573,8063,16801,975,39046,4665,7208,182,13,949,44
370,1,"Sheboygan, WI",3160,57670,41,"Sheboygan, WI",76522,42,78986,4569,12460,5428,28150,6433,24084,5987,61649,1254,6054,125,6,1426,21
372,1,"Sioux Falls, SD",9950,153530,53,"Sioux Falls, SD",189200,29,65101,14180,43650,20272,48642,14744,61925,4004,157980,9084,8722,4209,43,4921,237
374,1,"Spartanburg, SC",8350,154950,63,"Spartanburg, SC",132758,37,64471,19379,21422,13784,37846,20450,39238,3422,76719,40246,10012,194,26,2042,97
376,1,"Springfield, IL",8470,98250,75,"Springfield, IL",113307,39,87602,16694,23640,13517,32041,10071,33986,2181,87138,17931,2454,62,56,2971,514
378,1,"Springfield, MO",13920,204670,44,"Springfield, MO",318851,37,67427,38761,61721,35728,90220,27126,104103,5471,282796,9383,11092,1319,228,8336,226
380,1,"Springfield, OH",1720,44430,16,"Springfield, OH",104810,38,60766,14014,11383,7919,39212,13761,32465,759,86546,10915,2103,160,93,4157,77
382,1,"St. Cloud, MN",6280,99590,75,"St. Cloud, MN",83942,33,67900,8226,17477,7801,20902,6317,31392,2170,71993,5297,2583,351,24,1483,41
384,1,"St. George, UT",5350,68550,44,"St. George, UT",121710,36,79664,12505,22689,13911,26713,8840,49625,862,102069,870,13096,1112,1174,2341,186
386,1,"State College, PA",5470,56420,97,"State College, PA",56167,22,33833,3022,19948,17005,9018,1555,8636,5601,45102,2158,2162,84,39,991,30
388,1,"Sumter, SC",1750,35380,18,"Sumter, SC",95942,32,52018,15094,12065,7500,28826,14959,32569,1224,44806,43463,3914,275,23,2150,87
390,1,"Syracuse, NY",6180,269190,33,"Syracuse, NY",190137,35,62481,40798,32448,28291,47443,28936,52937,11657,111422,42516,14806,1383,42,7568,743
392,1,"Tallahassee, FL",17590,169680,62,"Tallahassee, FL",285855,34,73192,34963,70117,53436,55099,22573,84543,9556,163426,87888,17506,625,67,6181,606
394,1,"Terre Haute, IN",3290,62940,35,"Terre Haute, IN",95017,33,43915,13629,15117,8804,28471,11560,30994,1995,80336,6505,2504,203,44,3362,68
396,1,"The Villages, FL",1410,28770,17,"The Villages, FL",84299,60,63637,3753,17334,11137,25106,4781,25878,905,77293,1383,3552,378,31,716,41
398,1,"Toledo, OH",14830,274380,39,"Toledo, OH",381267,36,55410,68271,55810,34875,115964,47547,127056,6251,255071,78742,27794,902,97,11655,755
400,1,"Topeka, KS",8860,105010,53,"Topeka, KS",167652,39,60933,16646,31708,18319,51446,14793,50705,2100,123282,13549,20670,947,65,6844,195
402,1,"Trenton, NJ",11610,215070,86,"Trenton, NJ",135321,36,60095,22270,16243,8189,47751,28034,35133,3725,39261,50951,39113,90,46,1741,394
404,1,"Tucson, AZ",33150,365540,21,"Tucson, AZ",1615670,36,66060,242542,274076,198308,370716,219158,553500,45070,799690,59282,641616,26444,2220,39224,2124
406,1,"Tulsa, OK",32930,427850,51,"Tulsa, OK",643000,34,71186,77559,133019,62809,167570,71623,207878,19470,398503,67462,79884,28566,558,47410,1147
408,1,"Tuscaloosa, AL",5330,100160,10,"Tuscaloosa, AL",517371,34,67457,69849,97386,65961,148326,60579,145011,9258,303618,179226,18942,669,201,5157,300
410,1,"Twin Falls, ID",2370,45920,38,"Twin Falls, ID",63002,33,65339,7093,8127,4423,18010,6640,25797,1266,50347,518,9589,536,53,691,2
412,1,"Tyler, TX",5550,97400,31,"Tyler, TX",177355,34,67827,22922,30124,14416,41007,29471,62248,3202,98453,34023,38660,516,231,2098,172
414,1,"Urban Honolulu, HI",35090,390310,107,"Urban Honolulu, HI",329094,39,79970,25041,78313,46803,78751,37658,87457,179578,51378,3426,21031,247,25833,47302,299
416,1,"Valdosta, GA",340,48930,4,"Valdosta, GA",95423,27,43901,18806,13771,9518,28201,15338,28515,1931,47256,38826,5272,123,27,1828,160
418,1,"Victoria, TX",1910,36290,22,"Victoria, TX",88374,38,81319,10064,11816,5649,27437,14790,28659,971,41203,5055,39719,76,0,1179,171
420,1,"Waco, TX",7190,114930,45,"Waco, TX",160671,33,60929,24621,21620,12176,45716,28482,52581,2709,81490,26298,47425,177,27,2351,194
422,1,"Walla Walla, WA",1090,21890,112,"Walla Walla, WA",9770,37,56733,801,2178,1152,1270,977,4191,96,7527,71,1656,58,18,298,46
424,1,"Warner Robins, GA",4890,72660,35,"Warner Robins, GA",141031,33,70925,21101,21322,14413,39706,14806,50859,4500,75963,46059,10502,361,0,3245,401
426,1,"Waterbury, CT",550,59170,3,"Waterbury, CT",157666,38,59582,25653,18394,12514,56001,27062,43725,4045,80795,22078,45056,34,41,4708,909
428,1,"Wausau, WI",4110,68500,1408,"Wausau, WI",2919,53,51075,306,376,87,1278,338,834,4,2856,3,4,15,0,37,0
430,1,"Wenatchee, WA",2170,45050,30,"Wenatchee, WA",73030,36,73773,6648,10812,6898,19712,12024,23622,566,49027,271,20740,666,68,1647,45
432,1,"Wichita Falls, TX",2350,48260,23,"Wichita Falls, TX",102977,32,61861,15895,18605,8413,28923,12012,34992,2464,66384,10376,20257,509,48,2583,356
434,1,"Wichita, KS",18740,288220,41,"Wichita, KS",462336,35,80903,56218,91338,48880,120697,53521,147822,21682,306033,44582,70410,2859,123,16183,464
436,1,"Williamsport, PA",2360,47080,54,"Williamsport, PA",43927,36,57634,6676,6632,3953,16472,4656,12211,372,36283,4564,1362,72,0,1068,206
438,1,"Wilmington, NC",8800,126640,43,"Wilmington, NC",203209,38,73390,24661,52916,26429,44028,15960,63855,2824,155339,28915,11206,563,151,3894,317
440,1,"Winston-Salem, NC",16300,257170,50,"Winston-Salem, NC",329113,36,62399,45209,67318,37479,84864,37954,101423,6948,193899,82010,38918,508,165,5574,1091
442,1,"Yakima, WA",3570,90240,24,"Yakima, WA",145988,35,66839,19693,16594,10781,40498,31723,46357,1392,84786,1349,53274,1791,109,3207,80
444,1,"Yuba City, CA",2270,41230,29,"Yuba City, CA",77671,36,71409,11213,9668,4388,19203,16067,28376,13478,35947,1668,22226,459,324,3406,163
446,1,"Yuma, AZ",3300,60640,8,"Yuma, AZ",437889,31,57210,76140,40521,24318,113469,117537,142179,6261,137175,10539,271845,4950,231,6663,225
