,zipcode,state,city,population,median_age,race_asian,race_white,race_black,race_native,race_islander,race_other,race_two,race_hispanic,average_household_income,family_households_total,educational_attainment_bachelors,educational_attainment_graduate,educational_attainment_high_school,educational_attainment_no_diploma,educational_attainment_some_college,family_poverty
0,99501,Alaska,Anchorage,17084,34,999,9015,1412,2189,539,111,1459,1360,87441,3142,3553,2238,4048,1605,5654,1947
1,99502,Alaska,Anchorage,24505,32,2028,15271,857,1257,408,50,2014,2620,111653,5941,5709,3112,6003,1176,8527,1102
2,99503,Alaska,Anchorage,13668,34,2102,5944,1257,1548,476,43,961,1337,64578,2522,2132,902,4168,1667,4797,1681
3,99504,Alaska,Anchorage,42161,32,4251,21416,4340,2936,1792,23,3861,3542,92815,10037,8094,4511,10919,3204,15388,2403
4,99505,Alaska,Anchorage,6477,21,188,3976,564,14,29,60,362,1284,78229,1069,1444,783,1418,142,2687,265
5,99506,Alaska,Anchorage,7255,23,269,4058,1015,11,139,18,539,1206,63934,2045,1414,507,1269,0,4062,348
6,99507,Alaska,Anchorage,38739,34,4965,22798,1758,2505,332,25,3030,3326,110807,9549,8755,4764,8406,3099,13713,1549
7,99508,Alaska,Anchorage,35564,31,3636,15517,2347,4547,2473,128,3649,3267,82589,7797,6686,3627,9211,3485,12554,3627
9,99515,Alaska,Anchorage,24207,34,3126,15107,439,1106,95,33,2102,2199,124511,6201,5010,2856,6221,1670,8448,1186
10,99516,Alaska,Anchorage,21544,42,778,16901,412,830,25,9,1181,1408,182016,6037,6506,5256,3016,538,6247,430
11,99517,Alaska,Anchorage,17014,37,2268,10017,531,1430,270,151,1283,1064,97247,3939,3623,2501,4406,1190,5274,765
12,99518,Alaska,Anchorage,10077,35,1437,5435,220,635,209,4,887,1250,101569,2257,2116,836,2640,624,3869,241
13,99540,Alaska,Anchorage,289,48,0,250,0,9,0,0,30,0,94218,82,62,42,47,20,116,0
14,99577,Alaska,Anchorage,28210,32,915,21824,493,1005,154,43,1978,1798,117793,7192,7278,4316,5783,789,10014,366
15,99587,Alaska,Anchorage,2233,32,11,1665,0,2,0,0,343,212,124111,469,1185,187,259,8,591,0
16,99501,Alaska,Anchorage,17084,34,999,9015,1412,2189,539,111,1459,1360,87441,3142,3553,2238,4048,1605,5654,1947
17,99502,Alaska,Anchorage,24505,32,2028,15271,857,1257,408,50,2014,2620,111653,5941,5709,3112,6003,1176,8527,1102
18,99503,Alaska,Anchorage,13668,34,2102,5944,1257,1548,476,43,961,1337,64578,2522,2132,902,4168,1667,4797,1681
19,99504,Alaska,Anchorage,42161,32,4251,21416,4340,2936,1792,23,3861,3542,92815,10037,8094,4511,10919,3204,15388,2403
20,99505,Alaska,Anchorage,6477,21,188,3976,564,14,29,60,362,1284,78229,1069,1444,783,1418,142,2687,265
21,99506,Alaska,Anchorage,7255,23,269,4058,1015,11,139,18,539,1206,63934,2045,1414,507,1269,0,4062,348
22,99507,Alaska,Anchorage,38739,34,4965,22798,1758,2505,332,25,3030,3326,110807,9549,8755,4764,8406,3099,13713,1549
23,99508,Alaska,Anchorage,35564,31,3636,15517,2347,4547,2473,128,3649,3267,82589,7797,6686,3627,9211,3485,12554,3627
25,99515,Alaska,Anchorage,24207,34,3126,15107,439,1106,95,33,2102,2199,124511,6201,5010,2856,6221,1670,8448,1186
26,99516,Alaska,Anchorage,21544,42,778,16901,412,830,25,9,1181,1408,182016,6037,6506,5256,3016,538,6247,430
27,99517,Alaska,Anchorage,17014,37,2268,10017,531,1430,270,151,1283,1064,97247,3939,3623,2501,4406,1190,5274,765
28,99518,Alaska,Anchorage,10077,35,1437,5435,220,635,209,4,887,1250,101569,2257,2116,836,2640,624,3869,241
29,99540,Alaska,Anchorage,289,48,0,250,0,9,0,0,30,0,94218,82,62,42,47,20,116,0
30,99577,Alaska,Anchorage,28210,32,915,21824,493,1005,154,43,1978,1798,117793,7192,7278,4316,5783,789,10014,366
31,99587,Alaska,Anchorage,2233,32,11,1665,0,2,0,0,343,212,124111,469,1185,187,259,8,591,0
32,99501,Alaska,Anchorage,17084,34,999,9015,1412,2189,539,111,1459,1360,87441,3142,3553,2238,4048,1605,5654,1947
33,99502,Alaska,Anchorage,24505,32,2028,15271,857,1257,408,50,2014,2620,111653,5941,5709,3112,6003,1176,8527,1102
34,99503,Alaska,Anchorage,13668,34,2102,5944,1257,1548,476,43,961,1337,64578,2522,2132,902,4168,1667,4797,1681
35,99504,Alaska,Anchorage,42161,32,4251,21416,4340,2936,1792,23,3861,3542,92815,10037,8094,4511,10919,3204,15388,2403
36,99505,Alaska,Anchorage,6477,21,188,3976,564,14,29,60,362,1284,78229,1069,1444,783,1418,142,2687,265
37,99506,Alaska,Anchorage,7255,23,269,4058,1015,11,139,18,539,1206,63934,2045,1414,507,1269,0,4062,348
38,99507,Alaska,Anchorage,38739,34,4965,22798,1758,2505,332,25,3030,3326,110807,9549,8755,4764,8406,3099,13713,1549
39,99508,Alaska,Anchorage,35564,31,3636,15517,2347,4547,2473,128,3649,3267,82589,7797,6686,3627,9211,3485,12554,3627
41,99515,Alaska,Anchorage,24207,34,3126,15107,439,1106,95,33,2102,2199,124511,6201,5010,2856,6221,1670,8448,1186
42,99516,Alaska,Anchorage,21544,42,778,16901,412,830,25,9,1181,1408,182016,6037,6506,5256,3016,538,6247,430
43,99517,Alaska,Anchorage,17014,37,2268,10017,531,1430,270,151,1283,1064,97247,3939,3623,2501,4406,1190,5274,765
44,99518,Alaska,Anchorage,10077,35,1437,5435,220,635,209,4,887,1250,101569,2257,2116,836,2640,624,3869,241
45,99540,Alaska,Anchorage,289,48,0,250,0,9,0,0,30,0,94218,82,62,42,47,20,116,0
46,99577,Alaska,Anchorage,28210,32,915,21824,493,1005,154,43,1978,1798,117793,7192,7278,4316,5783,789,10014,366
47,99587,Alaska,Anchorage,2233,32,11,1665,0,2,0,0,343,212,124111,469,1185,187,259,8,591,0
48,99703,Alaska,Fairbanks,8415,22,419,4774,885,56,98,114,409,1660,74399,1874,1683,504,1582,193,4459,437
49,99703,Alaska,Fairbanks,8415,22,419,4774,885,56,98,114,409,1660,74399,1874,1683,504,1582,193,4459,437
50,99703,Alaska,Fairbanks,8415,22,419,4774,885,56,98,114,409,1660,74399,1874,1683,504,1582,193,4459,437
51,35741,Alabama,Huntsville,2779,50,12,2631,25,0,0,0,0,111,137467,763,730,583,494,194,775,0
52,35801,Alabama,Huntsville,23987,40,593,19567,2654,65,19,37,338,714,96655,5526,6620,5013,4053,2326,5948,2158
53,35802,Alabama,Huntsville,21789,45,634,17142,2898,66,0,63,472,514,91829,5993,6907,4815,3137,958,5970,2069
54,35803,Alabama,Huntsville,26096,46,1100,22163,1358,72,12,15,714,662,90189,7519,8402,4488,4488,1356,7359,1278
55,35806,Alabama,Huntsville,21316,36,594,12499,6864,53,0,68,641,597,88000,5093,7609,4241,2920,1023,5542,2408
56,35816,Alabama,Huntsville,13267,28,415,3310,8309,47,0,88,354,744,32550,2607,2149,1008,3475,1936,4709,4311
57,35824,Alabama,Huntsville,8276,33,445,4893,2108,0,0,0,481,349,95888,2232,2259,2292,786,264,2681,91
58,35896,Alabama,Huntsville,684,19,8,98,572,0,0,0,0,6,-1,0,0,0,0,0,684,0
59,35741,Alabama,Huntsville,2779,50,12,2631,25,0,0,0,0,111,137467,763,730,583,494,194,775,0
60,35801,Alabama,Huntsville,23987,40,593,19567,2654,65,19,37,338,714,96655,5526,6620,5013,4053,2326,5948,2158
61,35802,Alabama,Huntsville,21789,45,634,17142,2898,66,0,63,472,514,91829,5993,6907,4815,3137,958,5970,2069
62,35803,Alabama,Huntsville,26096,46,1100,22163,1358,72,12,15,714,662,90189,7519,8402,4488,4488,1356,7359,1278
63,35806,Alabama,Huntsville,21316,36,594,12499,6864,53,0,68,641,597,88000,5093,7609,4241,2920,1023,5542,2408
64,35816,Alabama,Huntsville,13267,28,415,3310,8309,47,0,88,354,744,32550,2607,2149,1008,3475,1936,4709,4311
65,35824,Alabama,Huntsville,8276,33,445,4893,2108,0,0,0,481,349,95888,2232,2259,2292,786,264,2681,91
66,35896,Alabama,Huntsville,684,19,8,98,572,0,0,0,0,6,-1,0,0,0,0,0,684,0
67,35741,Alabama,Huntsville,2779,50,12,2631,25,0,0,0,0,111,137467,763,730,583,494,194,775,0
68,35801,Alabama,Huntsville,23987,40,593,19567,2654,65,19,37,338,714,96655,5526,6620,5013,4053,2326,5948,2158
69,35802,Alabama,Huntsville,21789,45,634,17142,2898,66,0,63,472,514,91829,5993,6907,4815,3137,958,5970,2069
70,35803,Alabama,Huntsville,26096,46,1100,22163,1358,72,12,15,714,662,90189,7519,8402,4488,4488,1356,7359,1278
71,35806,Alabama,Huntsville,21316,36,594,12499,6864,53,0,68,641,597,88000,5093,7609,4241,2920,1023,5542,2408
72,35816,Alabama,Huntsville,13267,28,415,3310,8309,47,0,88,354,744,32550,2607,2149,1008,3475,1936,4709,4311
73,35824,Alabama,Huntsville,8276,33,445,4893,2108,0,0,0,481,349,95888,2232,2259,2292,786,264,2681,91
74,35896,Alabama,Huntsville,684,19,8,98,572,0,0,0,0,6,-1,0,0,0,0,0,684,0
75,36602,Alabama,Mobile,909,51,27,522,331,0,0,18,6,5,44753,44,129,114,216,124,324,123
76,36603,Alabama,Mobile,11516,35,19,2168,9116,60,0,0,42,111,34307,1495,667,333,4065,3385,3063,3650
77,36604,Alabama,Mobile,9767,38,16,5176,4250,7,0,22,183,113,66681,2108,2187,1611,1982,1045,2949,1172
78,36605,Alabama,Mobile,26931,35,179,6944,19159,5,5,16,264,359,44148,6235,2504,1265,9964,4793,8402,8187
79,36606,Alabama,Mobile,18640,34,328,8762,8650,23,0,5,311,561,50703,4225,3448,1603,6300,1640,5666,5908
80,36607,Alabama,Mobile,6005,42,17,2179,3670,8,0,0,61,70,58314,1370,1134,678,1819,900,1471,1405
81,36608,Alabama,Mobile,35810,35,736,22429,10632,16,0,61,351,1585,73758,8444,8701,5837,8236,3079,9955,3616
82,36609,Alabama,Mobile,23738,35,917,12427,8403,24,0,124,666,1177,57147,5605,4557,2350,6243,1899,8664,3964
84,36688,Alabama,Mobile,195,19,0,149,29,0,0,0,13,4,-1,0,0,0,0,0,0,0
85,36693,Alabama,Mobile,19138,43,312,13129,4290,21,0,33,651,702,76299,5125,4535,2430,4573,1090,6487,1033
86,36695,Alabama,Mobile,50900,35,1596,36071,10546,60,0,109,861,1657,85782,13497,13284,7126,11757,2545,16186,3410
87,36602,Alabama,Mobile,909,51,27,522,331,0,0,18,6,5,44753,44,129,114,216,124,324,123
88,36603,Alabama,Mobile,11516,35,19,2168,9116,60,0,0,42,111,34307,1495,667,333,4065,3385,3063,3650
89,36604,Alabama,Mobile,9767,38,16,5176,4250,7,0,22,183,113,66681,2108,2187,1611,1982,1045,2949,1172
90,36605,Alabama,Mobile,26931,35,179,6944,19159,5,5,16,264,359,44148,6235,2504,1265,9964,4793,8402,8187
91,36606,Alabama,Mobile,18640,34,328,8762,8650,23,0,5,311,561,50703,4225,3448,1603,6300,1640,5666,5908
92,36607,Alabama,Mobile,6005,42,17,2179,3670,8,0,0,61,70,58314,1370,1134,678,1819,900,1471,1405
93,36608,Alabama,Mobile,35810,35,736,22429,10632,16,0,61,351,1585,73758,8444,8701,5837,8236,3079,9955,3616
94,36609,Alabama,Mobile,23738,35,917,12427,8403,24,0,124,666,1177,57147,5605,4557,2350,6243,1899,8664,3964
96,36688,Alabama,Mobile,195,19,0,149,29,0,0,0,13,4,-1,0,0,0,0,0,0,0
97,36693,Alabama,Mobile,19138,43,312,13129,4290,21,0,33,651,702,76299,5125,4535,2430,4573,1090,6487,1033
98,36695,Alabama,Mobile,50900,35,1596,36071,10546,60,0,109,861,1657,85782,13497,13284,7126,11757,2545,16186,3410
99,36602,Alabama,Mobile,909,51,27,522,331,0,0,18,6,5,44753,44,129,114,216,124,324,123
100,36603,Alabama,Mobile,11516,35,19,2168,9116,60,0,0,42,111,34307,1495,667,333,4065,3385,3063,3650
101,36604,Alabama,Mobile,9767,38,16,5176,4250,7,0,22,183,113,66681,2108,2187,1611,1982,1045,2949,1172
102,36605,Alabama,Mobile,26931,35,179,6944,19159,5,5,16,264,359,44148,6235,2504,1265,9964,4793,8402,8187
103,36606,Alabama,Mobile,18640,34,328,8762,8650,23,0,5,311,561,50703,4225,3448,1603,6300,1640,5666,5908
104,36607,Alabama,Mobile,6005,42,17,2179,3670,8,0,0,61,70,58314,1370,1134,678,1819,900,1471,1405
105,36608,Alabama,Mobile,35810,35,736,22429,10632,16,0,61,351,1585,73758,8444,8701,5837,8236,3079,9955,3616
106,36609,Alabama,Mobile,23738,35,917,12427,8403,24,0,124,666,1177,57147,5605,4557,2350,6243,1899,8664,3964
108,36688,Alabama,Mobile,195,19,0,149,29,0,0,0,13,4,-1,0,0,0,0,0,0,0
109,36693,Alabama,Mobile,19138,43,312,13129,4290,21,0,33,651,702,76299,5125,4535,2430,4573,1090,6487,1033
110,36695,Alabama,Mobile,50900,35,1596,36071,10546,60,0,109,861,1657,85782,13497,13284,7126,11757,2545,16186,3410
111,36043,Alabama,Montgomery,3223,47,0,1784,1188,0,0,0,0,251,61432,979,418,296,1089,615,805,654
112,36104,Alabama,Montgomery,8040,31,31,1381,6449,13,0,17,44,105,42969,1231,852,924,1961,2444,1857,3609
113,36105,Alabama,Montgomery,10259,44,24,1074,8856,0,0,46,70,189,47125,2647,841,543,3795,2636,2451,2205
114,36106,Alabama,Montgomery,15024,36,678,7088,6979,7,0,19,33,220,74416,3588,3560,3410,2809,886,4371,1847
115,36107,Alabama,Montgomery,7798,33,24,2964,4258,0,0,0,94,458,44660,1658,904,616,2815,1933,1528,1887
116,36108,Alabama,Montgomery,19464,40,73,2127,15920,15,0,0,290,1039,37700,4656,1654,836,6442,5644,4885,5897
117,36109,Alabama,Montgomery,24046,40,250,16343,6100,44,0,36,509,764,66307,6178,4953,2621,6732,2164,7598,1875
118,36110,Alabama,Montgomery,12232,35,107,2471,9140,23,0,0,44,447,40010,2850,1100,538,4207,3694,2691,3669
119,36111,Alabama,Montgomery,12609,36,11,4164,7782,0,0,0,378,274,72169,3037,2811,1866,3278,1462,3190,2181
120,36112,Alabama,Montgomery,353,21,0,250,75,0,0,0,0,28,-1,0,0,108,61,0,182,0
121,36113,Alabama,Montgomery,1864,35,13,975,504,0,9,0,98,265,87222,248,234,313,644,150,520,44
122,36115,Alabama,Montgomery,917,23,24,451,293,0,0,5,49,95,87649,221,71,160,162,20,503,41
123,36043,Alabama,Montgomery,3223,47,0,1784,1188,0,0,0,0,251,61432,979,418,296,1089,615,805,654
124,36104,Alabama,Montgomery,8040,31,31,1381,6449,13,0,17,44,105,42969,1231,852,924,1961,2444,1857,3609
125,36105,Alabama,Montgomery,10259,44,24,1074,8856,0,0,46,70,189,47125,2647,841,543,3795,2636,2451,2205
126,36106,Alabama,Montgomery,15024,36,678,7088,6979,7,0,19,33,220,74416,3588,3560,3410,2809,886,4371,1847
127,36107,Alabama,Montgomery,7798,33,24,2964,4258,0,0,0,94,458,44660,1658,904,616,2815,1933,1528,1887
128,36108,Alabama,Montgomery,19464,40,73,2127,15920,15,0,0,290,1039,37700,4656,1654,836,6442,5644,4885,5897
129,36109,Alabama,Montgomery,24046,40,250,16343,6100,44,0,36,509,764,66307,6178,4953,2621,6732,2164,7598,1875
130,36110,Alabama,Montgomery,12232,35,107,2471,9140,23,0,0,44,447,40010,2850,1100,538,4207,3694,2691,3669
131,36111,Alabama,Montgomery,12609,36,11,4164,7782,0,0,0,378,274,72169,3037,2811,1866,3278,1462,3190,2181
132,36112,Alabama,Montgomery,353,21,0,250,75,0,0,0,0,28,-1,0,0,108,61,0,182,0
133,36113,Alabama,Montgomery,1864,35,13,975,504,0,9,0,98,265,87222,248,234,313,644,150,520,44
134,36115,Alabama,Montgomery,917,23,24,451,293,0,0,5,49,95,87649,221,71,160,162,20,503,41
135,36043,Alabama,Montgomery,3223,47,0,1784,1188,0,0,0,0,251,61432,979,418,296,1089,615,805,654
136,36104,Alabama,Montgomery,8040,31,31,1381,6449,13,0,17,44,105,42969,1231,852,924,1961,2444,1857,3609
137,36105,Alabama,Montgomery,10259,44,24,1074,8856,0,0,46,70,189,47125,2647,841,543,3795,2636,2451,2205
138,36106,Alabama,Montgomery,15024,36,678,7088,6979,7,0,19,33,220,74416,3588,3560,3410,2809,886,4371,1847
139,36107,Alabama,Montgomery,7798,33,24,2964,4258,0,0,0,94,458,44660,1658,904,616,2815,1933,1528,1887
140,36108,Alabama,Montgomery,19464,40,73,2127,15920,15,0,0,290,1039,37700,4656,1654,836,6442,5644,4885,5897
141,36109,Alabama,Montgomery,24046,40,250,16343,6100,44,0,36,509,764,66307,6178,4953,2621,6732,2164,7598,1875
142,36110,Alabama,Montgomery,12232,35,107,2471,9140,23,0,0,44,447,40010,2850,1100,538,4207,3694,2691,3669
143,36111,Alabama,Montgomery,12609,36,11,4164,7782,0,0,0,378,274,72169,3037,2811,1866,3278,1462,3190,2181
144,36112,Alabama,Montgomery,353,21,0,250,75,0,0,0,0,28,-1,0,0,108,61,0,182,0
145,36113,Alabama,Montgomery,1864,35,13,975,504,0,9,0,98,265,87222,248,234,313,644,150,520,44
146,36115,Alabama,Montgomery,917,23,24,451,293,0,0,5,49,95,87649,221,71,160,162,20,503,41
147,35446,Alabama,Tuscaloosa,1970,35,0,1686,212,0,0,0,0,72,60468,510,110,41,841,346,630,246
148,35456,Alabama,Tuscaloosa,3403,45,0,2814,486,9,0,24,29,41,63092,858,289,98,1405,541,1068,217
149,35446,Alabama,Tuscaloosa,1970,35,0,1686,212,0,0,0,0,72,60468,510,110,41,841,346,630,246
150,35456,Alabama,Tuscaloosa,3403,45,0,2814,486,9,0,24,29,41,63092,858,289,98,1405,541,1068,217
151,35446,Alabama,Tuscaloosa,1970,35,0,1686,212,0,0,0,0,72,60468,510,110,41,841,346,630,246
152,35456,Alabama,Tuscaloosa,3403,45,0,2814,486,9,0,24,29,41,63092,858,289,98,1405,541,1068,217
153,72404,Arkansas,Jonesboro,26545,34,545,21142,3228,33,0,0,915,682,84575,7080,6105,4034,6875,1645,7883,1274
154,72467,Arkansas,Jonesboro,279,19,6,244,15,8,0,0,6,0,-1,0,0,0,0,0,0,0
155,71601,Arkansas,Pine Bluff,14923,29,50,1328,13307,58,0,0,9,171,38231,3213,1671,925,5252,2447,4641,3879
156,71601,Arkansas,Pine Bluff,14923,29,50,1328,13307,58,0,0,9,171,38231,3213,1671,925,5252,2447,4641,3879
157,86011,Arizona,Flagstaff,8471,19,351,5447,497,118,67,0,354,1637,9855,0,728,1897,0,0,5844,0
158,86011,Arizona,Flagstaff,8471,19,351,5447,497,118,67,0,354,1637,9855,0,728,1897,0,0,5844,0
159,86301,Arizona,Prescott,22147,54,387,19065,73,166,0,0,572,1884,60510,5648,4252,3565,3897,1417,9013,2081
160,86313,Arizona,Prescott,225,50,12,158,11,12,0,0,0,32,-1,0,13,0,75,86,49,0
161,86301,Arizona,Prescott,22147,54,387,19065,73,166,0,0,572,1884,60510,5648,4252,3565,3897,1417,9013,2081
162,86313,Arizona,Prescott,225,50,12,158,11,12,0,0,0,32,-1,0,13,0,75,86,49,0
163,85701,Arizona,Tucson,5286,33,208,2643,237,264,0,0,97,1837,57284,972,1321,1395,903,438,1231,840
164,85706,Arizona,Tucson,55691,28,463,6103,1117,1041,14,0,384,46569,41542,12826,3063,723,16818,18879,16206,15203
165,85707,Arizona,Tucson,635,20,24,366,130,0,0,0,5,110,-1,0,0,0,0,0,635,0
166,85708,Arizona,Tucson,4187,23,294,2309,437,83,0,0,324,740,57389,1129,711,389,623,12,2445,309
167,85710,Arizona,Tucson,56168,41,1758,34653,2648,466,115,22,1488,15018,53937,13268,10110,5167,14659,4774,21400,7021
168,85711,Arizona,Tucson,39451,35,1277,19471,2168,629,63,120,1015,14708,49488,9525,6154,5759,9231,5010,13334,7771
169,85714,Arizona,Tucson,14683,31,0,1356,400,652,0,64,157,12054,34725,3294,719,381,4463,5197,3920,4610
170,85719,Arizona,Tucson,47503,23,2841,28353,1965,508,104,95,1719,11918,47880,5905,11923,10023,7457,3990,14060,7315
174,85730,Arizona,Tucson,39055,38,1073,23187,2274,332,33,31,1375,10750,60748,9918,5155,2538,10583,4100,16715,5389
175,85701,Arizona,Tucson,5286,33,208,2643,237,264,0,0,97,1837,57284,972,1321,1395,903,438,1231,840
176,85706,Arizona,Tucson,55691,28,463,6103,1117,1041,14,0,384,46569,41542,12826,3063,723,16818,18879,16206,15203
177,85707,Arizona,Tucson,635,20,24,366,130,0,0,0,5,110,-1,0,0,0,0,0,635,0
178,85708,Arizona,Tucson,4187,23,294,2309,437,83,0,0,324,740,57389,1129,711,389,623,12,2445,309
179,85710,Arizona,Tucson,56168,41,1758,34653,2648,466,115,22,1488,15018,53937,13268,10110,5167,14659,4774,21400,7021
180,85711,Arizona,Tucson,39451,35,1277,19471,2168,629,63,120,1015,14708,49488,9525,6154,5759,9231,5010,13334,7771
181,85714,Arizona,Tucson,14683,31,0,1356,400,652,0,64,157,12054,34725,3294,719,381,4463,5197,3920,4610
182,85719,Arizona,Tucson,47503,23,2841,28353,1965,508,104,95,1719,11918,47880,5905,11923,10023,7457,3990,14060,7315
186,85730,Arizona,Tucson,39055,38,1073,23187,2274,332,33,31,1375,10750,60748,9918,5155,2538,10583,4100,16715,5389
187,93220,California,Bakersfield,313,29,0,313,0,0,0,0,0,0,-1,62,0,0,109,203,0,0
188,93301,California,Bakersfield,12345,32,634,5195,1214,53,0,0,565,4684,50541,2540,1333,753,3530,2530,4184,3419
189,93304,California,Bakersfield,50787,29,1403,10385,5798,177,32,50,525,32417,47490,10999,2590,1675,17419,15947,13103,14779
190,93305,California,Bakersfield,39114,26,488,6277,2324,305,19,0,485,29216,42456,7869,1721,899,10482,16232,9778,15684
191,93306,California,Bakersfield,70208,30,1876,21128,2137,132,117,156,1263,43399,69730,16497,8144,4774,18745,16147,22466,12005
192,93309,California,Bakersfield,60893,31,2236,23875,5526,66,158,150,1520,27362,62654,14440,8159,3592,17902,10351,20947,11265
193,93311,California,Bakersfield,44862,33,7686,19374,2134,265,27,8,958,14410,119061,10906,10542,6594,8613,4710,14310,2243
194,95926,California,Chico,39032,27,2317,28575,594,128,57,119,1333,5909,67168,7231,9055,6010,6245,2185,15573,5854
195,93650,California,Fresno,3863,37,283,1045,0,0,0,0,274,2261,42221,829,224,38,1255,950,1394,838
196,93701,California,Fresno,10011,25,1021,1092,726,127,0,0,78,6967,25841,1977,490,250,2352,5045,1872,5546
197,93702,California,Fresno,44650,27,5655,2894,2121,105,19,0,356,33500,36258,8834,1696,491,9733,23798,8930,18931
198,93710,California,Fresno,32410,28,3103,13615,1886,122,85,17,816,12766,59942,6723,5639,2819,7357,3662,12931,6255
199,93721,California,Fresno,7182,35,455,1667,753,100,7,10,143,4047,40638,754,459,416,1594,2951,1766,2427
200,93722,California,Fresno,84481,30,13380,20641,8496,211,51,412,2053,39237,68332,19057,10898,4561,21289,17065,30751,15291
201,93728,California,Fresno,15945,30,411,5126,686,247,71,20,118,9266,48911,3182,1993,924,3141,4113,5756,4464
202,93730,California,Fresno,11693,40,2124,7315,44,0,15,0,278,1917,148192,3132,3963,2724,1473,257,3274,93
203,95350,California,Modesto,52951,37,3313,28013,1877,327,368,179,1402,17472,61209,12705,6618,3335,14455,8736,19856,8260
204,95355,California,Modesto,58279,38,4792,31814,2565,344,648,128,1702,16286,80383,14360,9382,4487,15269,6061,23020,4662
205,94559,California,Napa,28089,37,508,14883,328,75,68,57,699,11471,95743,6489,6011,2752,6207,4297,8848,1713
206,96002,California,Redding,33697,38,1816,25237,537,734,0,23,1726,3624,66258,8671,4953,2358,8289,2999,15096,4178
207,93901,California,Salinas,27624,35,1426,9802,307,21,16,25,567,15460,74150,6254,4336,2209,5994,6160,8922,2983
208,93905,California,Salinas,61251,27,1338,2205,198,37,0,4,160,57309,57416,11338,2388,612,12556,37363,8330,13291
209,95401,California,Santa Rosa,39229,35,1481,20452,648,225,184,65,1221,14953,84865,8439,5766,3099,8512,6002,15887,3726
210,95405,California,Santa Rosa,20994,45,1178,15373,239,105,190,18,746,3145,101168,5514,5584,3568,3464,1175,7179,839
211,95991,California,Yuba City,40959,33,3892,19336,874,258,195,68,1504,14832,60353,9788,4382,1966,11017,9092,14499,6881
212,80310,Colorado,Boulder,6935,19,789,5062,108,6,65,6,154,745,14543,0,0,5693,0,0,1241,0
213,80903,Colorado,Colorado Springs,15879,33,272,11697,938,128,12,0,883,1949,60954,2853,3763,2810,2540,1270,5462,2111
214,80905,Colorado,Colorado Springs,17087,35,445,10956,786,49,70,19,1032,3730,60052,3981,3793,1759,3998,1674,5877,2973
215,80907,Colorado,Colorado Springs,28190,38,604,20756,829,142,7,29,635,5188,66192,6521,6427,3580,6427,2255,9500,2339
216,80909,Colorado,Colorado Springs,38731,34,572,24153,2754,281,41,40,1866,9024,52715,9110,5732,3369,11115,3718,14795,6274
217,80914,Colorado,Colorado Springs,420,21,14,302,36,0,0,0,19,49,133041,22,127,97,73,0,121,0
218,80917,Colorado,Colorado Springs,31036,35,451,21715,1748,69,279,518,1461,4795,67596,7664,6393,3444,7014,1706,12476,2079
219,80918,Colorado,Colorado Springs,48995,33,1190,36791,2669,187,59,33,1796,6270,79984,12289,11856,6810,9896,2155,18324,3282
220,80919,Colorado,Colorado Springs,27541,44,471,23139,492,79,0,35,817,2508,110364,7643,8950,8069,2864,495,7133,1652
221,80920,Colorado,Colorado Springs,38618,36,1104,31524,1066,99,35,72,1313,3405,105373,10458,11585,9384,4595,772,12319,1660
222,80923,Colorado,Colorado Springs,28382,32,1284,20583,1622,57,51,32,1304,3449,91716,7360,8372,4824,4314,766,10132,567
223,80924,Colorado,Colorado Springs,8087,33,517,5793,313,44,0,87,157,1176,128281,2129,2830,2102,849,169,2134,161
224,80927,Colorado,Colorado Springs,3128,33,78,2020,202,35,0,0,191,602,108403,818,1113,631,250,159,969,0
226,80951,Colorado,Colorado Springs,4648,27,54,2929,622,24,0,13,327,679,93043,1269,1199,627,506,153,2161,167
227,80521,Colorado,Fort Collins,36768,23,1177,29681,706,171,71,15,911,4036,63407,5135,11361,7941,5625,1507,10295,3162
228,81501,Colorado,Grand Junction,24836,29,246,17860,342,246,82,4,827,5229,47341,4615,4694,2309,6134,3303,8394,5215
229,81506,Colorado,Grand Junction,11517,51,75,9826,0,33,0,0,157,1426,74214,3208,3098,1704,2407,760,3547,840
230,81001,Colorado,Pueblo,30765,33,260,12055,451,178,52,31,350,17388,48817,7172,3445,2368,9229,4430,11259,7352
231,81003,Colorado,Pueblo,15040,39,117,6285,864,98,22,51,344,7259,39236,2921,1594,601,4647,3353,4842,3353
232,81005,Colorado,Pueblo,31361,40,152,15360,228,154,30,27,618,14792,59024,8064,4045,2728,8875,3010,12701,3669
233,06811,Connecticut,Danbury,32349,41,2164,21676,2337,37,0,1205,593,4337,114772,7847,7019,5402,8540,2749,8604,1617
234,06510,Connecticut,New Haven,2649,29,415,1369,333,0,0,0,122,410,87687,268,678,1441,174,137,214,603
235,06515,Connecticut,New Haven,19407,30,655,7865,7554,163,0,30,583,2557,78310,3672,4075,4832,5298,1552,3648,2600
236,06519,Connecticut,New Haven,15799,31,117,1996,5526,8,0,164,392,7596,45957,3110,1153,805,5703,4581,3554,6272
237,06702,Connecticut,Waterbury,2839,54,57,827,507,0,0,0,47,1401,16973,355,181,36,809,1518,289,1638
238,06704,Connecticut,Waterbury,25950,34,137,6648,6593,0,13,54,860,11645,48018,6030,1634,960,9393,6435,7551,6383
239,06705,Connecticut,Waterbury,25995,37,1290,11130,4409,0,28,138,1077,7923,54297,5816,2183,1195,9618,4653,8344,3977
240,06706,Connecticut,Waterbury,15016,33,630,5285,1921,0,0,119,229,6832,55294,3544,1441,900,5300,3663,3708,3213
241,06710,Connecticut,Waterbury,10803,28,272,2430,2187,12,0,105,200,5597,43763,2145,1145,561,3997,2711,2398,2819
242,32601,Florida,Gainesville,18182,25,937,11239,3836,12,36,0,427,1695,43151,2042,3945,4727,3509,1272,4690,4909
243,32603,Florida,Gainesville,7414,20,660,4714,439,23,5,35,261,1277,52892,395,1838,3573,667,222,1104,1935
244,32605,Florida,Gainesville,23739,40,1209,16774,2228,124,9,124,808,2463,86928,5717,5934,7050,4344,735,5697,1329
245,32606,Florida,Gainesville,23991,36,2366,16462,2074,57,0,111,656,2265,79709,5900,6549,6813,3502,1055,6069,1055
246,32607,Florida,Gainesville,30728,25,1802,17887,6379,91,19,125,683,3742,54442,5290,6729,6545,6575,1997,8880,5131
247,32608,Florida,Gainesville,48948,28,5378,29021,7679,204,76,126,941,5523,68096,8791,12481,13313,7978,2985,12188,7831
248,32612,Florida,Gainesville,7756,19,618,4803,749,0,0,18,315,1253,-1,0,0,3327,0,0,4428,0
249,32641,Florida,Gainesville,14091,34,99,3511,9806,21,0,72,424,158,41812,2929,1535,690,4748,2494,4621,3128
250,32202,Florida,Jacksonville,6240,38,211,2197,3301,16,0,25,82,408,45834,433,773,492,1759,1510,1703,1903
251,32204,Florida,Jacksonville,7573,35,50,4846,1960,11,0,51,131,524,62785,1158,1840,1188,1809,795,1938,1325
252,32205,Florida,Jacksonville,28865,35,521,19084,7025,56,0,33,821,1325,65101,6507,5397,3175,7735,3377,9207,5224
253,32206,Florida,Jacksonville,16750,36,218,3399,12188,34,0,62,369,480,39216,3384,1591,787,5879,3835,4639,4824
254,32207,Florida,Jacksonville,35381,36,3265,20946,5894,94,0,102,600,4480,70960,7742,7253,4068,8491,4917,10685,5342
255,32208,Florida,Jacksonville,32470,41,164,4873,26229,7,0,11,560,626,47688,7627,3019,1103,12793,5714,9838,6396
256,32209,Florida,Jacksonville,35541,33,15,681,33507,17,12,103,338,868,34649,7438,2416,995,15531,7712,8920,13363
257,32210,Florida,Jacksonville,60819,35,2244,30618,19708,144,0,27,1923,6155,60535,14575,8332,3527,19218,8393,21286,9244
258,32211,Florida,Jacksonville,34112,33,888,16357,12508,8,79,260,515,3497,48549,7702,4093,1671,11393,4571,12382,5628
259,32212,Florida,Jacksonville,2663,21,0,1701,506,0,0,0,157,299,53270,295,524,23,532,138,1440,442
260,32216,Florida,Jacksonville,38120,36,3011,22689,7685,5,0,11,487,4232,63398,8873,8805,3240,10178,4307,11588,6632
261,32217,Florida,Jacksonville,18878,39,659,12859,2263,28,236,81,209,2543,72206,4564,4228,2321,4530,2189,5606,1566
262,32218,Florida,Jacksonville,59891,34,976,23180,31496,76,0,191,1159,2813,65579,14446,8744,3234,19764,6827,21381,6408
263,32219,Florida,Jacksonville,11810,43,120,4514,6335,6,14,0,102,719,54600,2818,1216,496,4015,1783,4287,1228
264,32221,Florida,Jacksonville,30040,36,1574,15972,8928,135,23,25,1126,2257,70685,7665,4175,1141,10243,4235,10273,3064
265,32222,Florida,Jacksonville,9710,37,354,3849,3524,12,0,17,384,1570,76454,2649,1456,679,2184,883,4505,825
266,32223,Florida,Jacksonville,24371,47,870,20196,1164,0,22,61,486,1572,104154,6926,6336,3777,4557,1242,8432,1218
267,32224,Florida,Jacksonville,40354,34,1623,28853,3559,127,0,39,1649,4504,98926,8831,12792,6537,7061,1936,12025,1372
268,32225,Florida,Jacksonville,54270,39,3652,34454,8765,43,43,87,2424,4802,87439,13983,12319,5698,14001,3419,18831,2550
269,32226,Florida,Jacksonville,16289,37,406,11684,2151,43,0,26,827,1152,90718,4326,3046,1303,4772,1547,5619,1140
270,32227,Florida,Jacksonville,2848,21,116,1655,411,0,0,34,166,466,52113,415,381,196,771,68,1426,179
271,32228,Florida,Jacksonville,390,22,4,267,75,0,0,0,11,33,-1,0,96,0,47,0,245,0
272,32244,Florida,Jacksonville,60141,33,3150,25024,21906,96,216,9,2140,7600,57870,15082,9141,3127,18102,6314,23515,8540
273,32246,Florida,Jacksonville,51513,33,4988,29540,7654,56,12,14,1177,8072,68088,11945,11435,4481,13496,5460,16638,4430
274,32254,Florida,Jacksonville,12972,35,61,4443,7218,61,34,57,306,792,37394,2831,531,181,5344,2918,3995,3697
275,32256,Florida,Jacksonville,44557,33,4674,25858,6280,126,114,153,2127,5225,85169,10487,13812,8287,7842,2094,12565,3341
276,32257,Florida,Jacksonville,38069,39,1593,26969,4701,58,0,146,768,3834,72487,9817,9403,4111,9936,2398,12220,2588
277,32258,Florida,Jacksonville,30529,37,3622,20115,2843,0,0,419,698,2832,101327,8360,9189,4304,4854,1343,10837,824
278,32277,Florida,Jacksonville,30415,34,1190,14172,11886,0,13,8,678,2468,61515,7347,5657,1824,9063,2524,11344,3345
279,34470,Florida,Ocala,19636,39,275,14728,2312,0,14,0,256,2051,46031,4491,2002,824,7815,2729,6263,3338
280,34471,Florida,Ocala,25082,42,334,18552,3358,116,0,45,351,2326,73871,5848,4665,3009,7750,2382,7273,2884
281,34474,Florida,Ocala,15937,39,813,9980,755,0,121,0,914,3354,58529,3464,2326,1577,4446,1641,5928,2023
282,34475,Florida,Ocala,12275,38,0,4264,6182,15,0,14,221,1579,35059,2376,846,478,4639,3056,3240,3596
283,34479,Florida,Ocala,14320,42,67,11410,946,0,0,0,372,1525,54452,3474,1446,558,6086,1804,4439,1947
284,34480,Florida,Ocala,19368,42,634,14078,2352,0,0,29,518,1757,74864,4661,2847,2343,6914,1375,5868,2091
285,34481,Florida,Ocala,18447,67,163,16168,630,91,0,15,144,1236,55848,5576,3265,1697,5497,1734,6253,1641
286,34482,Florida,Ocala,24105,43,114,15367,4687,5,0,0,249,3683,58479,4963,2506,1084,9256,4700,6556,4507
287,34953,Florida,Port St. Lucie,69139,36,1787,33517,14580,64,0,42,1244,17905,68809,16679,8227,3249,22331,10993,24406,8227
288,34984,Florida,Port St. Lucie,15328,43,170,8934,3204,94,0,43,370,2513,69149,3877,1793,1011,5073,1931,5518,1333
289,34986,Florida,Port St. Lucie,24208,53,987,16264,3135,0,0,0,899,2923,74945,6821,5228,3122,6657,1960,7238,1258
290,34987,Florida,Port St. Lucie,7897,44,0,5629,884,0,0,0,109,1275,81553,2462,1800,1026,1745,465,2850,331
291,33872,Florida,Sebring,15982,61,641,12214,1045,0,0,20,466,1596,53771,4963,2189,1406,5290,1518,5577,1406
292,33875,Florida,Sebring,10575,55,95,9181,112,0,0,0,50,1137,58089,3058,1670,771,3616,1120,3405,423
293,33876,Florida,Sebring,4573,60,5,3954,167,0,0,0,51,396,53256,1336,338,265,1655,772,1541,379
294,32301,Florida,Tallahassee,29668,27,352,12854,13891,67,47,108,858,1491,52669,5159,7298,5607,5310,2017,9434,4034
295,32303,Florida,Tallahassee,49849,29,935,28251,17489,29,0,199,786,2160,62073,10506,12960,7577,9471,3140,16699,4984
296,32304,Florida,Tallahassee,47800,21,1643,22838,17309,73,0,135,1168,4634,28524,3983,8269,5449,10563,7839,15678,14101
297,32308,Florida,Tallahassee,22561,41,631,14875,5060,41,0,0,626,1328,80737,5470,6114,6497,3339,1037,5595,1421
298,32309,Florida,Tallahassee,31001,43,1150,22816,4275,18,0,0,681,2061,101087,8846,9579,7750,4433,806,8432,1240
299,32310,Florida,Tallahassee,16172,30,268,6590,7921,35,0,31,225,1102,46286,3625,2361,1245,5514,2247,4803,3493
300,32311,Florida,Tallahassee,20866,36,1380,12095,5470,106,7,66,536,1206,86396,5504,5425,5112,3797,1147,5362,813
301,32312,Florida,Tallahassee,32365,42,2281,24385,3286,69,0,0,505,1839,124129,9416,10583,9482,3495,873,7897,1035
302,32317,Florida,Tallahassee,14854,42,881,10760,1876,30,0,42,366,899,99813,4229,4649,3371,2361,401,4055,341
304,34491,Florida,The Villages,25173,63,455,20979,753,378,0,41,270,2297,54288,8063,3524,1611,9842,2743,7451,1988
305,31701,Georgia,Albany,19007,37,105,3313,14656,32,24,16,460,401,38770,4258,1520,817,6424,4808,5416,6880
306,31707,Georgia,Albany,25357,34,475,8705,15026,64,0,0,571,516,50336,6078,3372,2992,6922,2916,9153,5781
307,31721,Georgia,Albany,20520,40,368,8667,10418,0,0,37,210,820,88598,5881,4473,3426,4658,1313,6648,1169
308,30602,Georgia,Athens-Clarke County,2669,19,435,1580,417,0,0,0,134,103,-1,0,616,0,1027,0,1027,0
309,30605,Georgia,Athens-Clarke County,40956,25,2889,26374,8569,61,6,57,830,2170,50074,6560,9460,11713,6962,3358,9460,6389
310,30606,Georgia,Athens-Clarke County,42338,33,1593,26514,9678,0,0,49,680,3824,71532,8980,10161,10415,7155,4233,10372,6647
311,30609,Georgia,Athens-Clarke County,2195,18,128,1732,186,0,0,0,56,93,-1,0,0,0,0,0,0,0
312,30740,Georgia,Dalton,8328,43,58,7361,100,0,0,21,149,639,91602,2336,1082,541,2531,1340,2831,599
313,30501,Georgia,Gainesville,28925,31,339,11733,4322,3,0,41,359,12128,58688,5869,3384,2198,7838,9053,6479,7809
314,30506,Georgia,Gainesville,43738,41,310,38081,353,26,0,0,462,4506,92605,11959,9097,5161,10847,5204,13340,2624
315,30149,Georgia,Rome,1876,20,21,1545,221,0,0,0,22,67,87422,24,1016,808,0,26,26,0
316,31401,Georgia,Savannah,20172,27,591,9757,8277,0,0,79,309,1159,54609,3106,5022,3308,4054,2319,5446,5648
317,31698,Georgia,Valdosta,742,19,7,306,356,0,12,0,36,25,-1,0,0,0,0,0,742,0
318,31005,Georgia,Warner Robins,17524,34,178,11593,4087,63,0,41,343,1219,84414,4848,2891,2102,4608,946,6974,1752
319,31088,Georgia,Warner Robins,51994,34,2506,29156,14110,84,0,319,1598,4221,72646,13377,9202,6187,13726,3951,18977,7071
320,96813,Hawaii,Urban Honolulu,23449,42,10998,3437,333,26,3133,19,4217,1286,96950,5477,6331,3986,4924,1852,6331,1500
321,96814,Hawaii,Urban Honolulu,19775,46,12369,3493,255,37,952,0,1858,811,83712,4813,6051,3460,3717,1443,5121,1661
322,96815,Hawaii,Urban Honolulu,25611,45,10131,9518,467,33,1047,112,2634,1669,83397,5723,7222,4097,4763,1562,7990,1357
323,96817,Hawaii,Urban Honolulu,57160,43,34936,5114,583,31,4310,0,7577,4609,81675,12153,11260,5601,14975,12003,13261,7373
324,96819,Hawaii,Urban Honolulu,54368,38,31017,3420,686,19,7227,7,7126,4866,100539,9996,7230,2283,18213,10764,15875,5164
325,96822,Hawaii,Urban Honolulu,46999,41,24150,9227,365,12,3163,15,7565,2502,95551,9838,12736,10433,9399,2114,12313,2819
326,96826,Hawaii,Urban Honolulu,31694,41,17858,4311,348,5,2923,85,4502,1662,63501,6724,7353,3644,8113,3613,8937,3042
328,96859,Hawaii,Urban Honolulu,119,24,19,56,18,0,0,0,0,26,-1,0,29,0,89,0,0,0
329,50010,Iowa,Ames,32742,29,4154,25261,905,148,30,0,1000,1244,69743,7175,9986,9724,5009,818,7203,1800
330,50011,Iowa,Ames,1525,19,0,1392,10,0,0,0,22,101,-1,0,0,0,0,0,0,0
331,50012,Iowa,Ames,4799,19,109,4394,123,0,0,0,53,120,11108,0,0,0,4799,0,0,0
332,50014,Iowa,Ames,30123,22,2550,24814,645,27,4,14,1182,887,62275,4486,9579,9850,3223,722,6687,542
333,52401,Iowa,Cedar Rapids,2146,33,63,1452,348,0,0,0,228,55,54099,272,326,154,654,287,725,884
334,52405,Iowa,Cedar Rapids,25074,37,521,21853,1263,19,0,7,594,817,69004,6529,4889,1755,7973,1002,9477,2181
335,52003,Iowa,Dubuque,13497,44,135,12993,7,3,6,0,192,161,93604,3772,3090,1876,4224,526,3765,836
336,52242,Iowa,Iowa City,1654,19,35,1395,75,5,0,10,18,116,-1,0,0,0,901,451,301,0
337,52245,Iowa,Iowa City,24694,25,1029,20960,633,32,133,64,702,1141,84447,4584,8297,8124,2691,666,4914,1185
338,83705,Idaho,Boise City,27423,34,594,22051,665,201,0,41,1048,2823,54225,5957,6252,2084,7184,2330,9570,4689
339,83712,Idaho,Boise City,8638,42,148,7755,76,32,3,0,178,446,110979,2181,3023,2695,881,155,1891,354
340,83402,Idaho,Idaho Falls,24521,34,225,19647,115,89,61,0,239,4145,68199,6177,4438,2035,6939,2672,8459,2991
341,83209,Idaho,Pocatello,1171,20,78,775,64,4,0,0,99,151,13914,40,173,221,0,83,693,966
342,62523,Illinois,Decatur,1450,33,0,685,532,0,0,9,190,34,15801,153,18,0,487,361,584,1297
343,61528,Illinois,Peoria,3176,38,335,2648,0,0,0,13,36,144,111171,941,924,755,584,149,762,0
344,61602,Illinois,Peoria,1019,43,74,620,230,0,0,0,48,47,37358,97,146,159,240,176,294,104
345,61603,Illinois,Peoria,16636,31,48,7014,6522,37,9,154,1010,1842,44519,3691,1630,898,4990,3593,5523,4458
346,61606,Illinois,Peoria,7798,21,321,5394,1333,0,0,24,331,395,58954,897,1668,1668,1840,608,2011,1419
347,61625,Illinois,Peoria,361,20,9,290,17,0,0,0,8,37,-1,0,0,0,0,0,361,0
348,61101,Illinois,Rockford,19595,34,248,8291,7579,1,0,24,529,2923,41356,4966,1528,627,6779,4702,5956,5153
349,61102,Illinois,Rockford,18842,35,356,6767,5487,42,2,26,571,5591,54540,4590,1017,697,6801,4842,5501,4390
350,61104,Illinois,Rockford,19554,30,863,7884,5251,5,3,0,404,5144,36212,4078,1192,547,6902,4810,6100,6609
351,62701,Illinois,Springfield,1109,35,38,735,275,7,11,0,28,15,51525,116,163,177,293,180,293,391
352,62711,Illinois,Springfield,17090,48,968,15067,407,5,0,26,288,329,130603,5092,5622,3742,3042,461,4221,205
353,47405,Indiana,Bloomington,3873,19,298,3029,91,0,0,0,165,290,-1,3,2397,1475,0,0,0,0
354,47406,Indiana,Bloomington,3737,19,326,3161,43,0,0,0,38,169,-1,0,881,1629,0,0,1221,0
355,47408,Indiana,Bloomington,25701,23,2605,21205,496,26,16,16,661,676,54295,3589,6605,7813,3906,1876,5525,4574
356,46802,Indiana,Fort Wayne,10672,30,265,6424,1883,33,0,25,501,1541,40839,1740,1398,725,3329,2347,2881,3703
357,46804,Indiana,Fort Wayne,28952,40,772,24968,1385,9,0,5,739,1074,89347,7876,7295,5153,6543,1100,8830,1302
358,46805,Indiana,Fort Wayne,20872,35,840,15829,2085,100,95,184,572,1167,48203,4599,3903,1794,6324,2609,6240,2922
359,46807,Indiana,Fort Wayne,17057,33,723,9900,2615,30,0,13,1241,2535,52601,3983,3462,1347,4349,2200,5697,3326
360,46808,Indiana,Fort Wayne,19434,34,351,15600,1175,0,0,16,716,1576,48353,4536,2137,757,7132,2837,6568,2604
361,46809,Indiana,Fort Wayne,8710,41,23,6660,1084,82,0,37,259,565,47501,2135,897,365,3492,949,3004,1036
362,46814,Indiana,Fort Wayne,12169,38,795,10047,676,0,0,127,335,189,157294,3623,3967,3443,1569,292,2908,693
363,46819,Indiana,Fort Wayne,9795,37,214,7161,1093,26,0,23,492,786,58075,2549,1381,509,3516,695,3692,1018
364,46825,Indiana,Fort Wayne,29068,35,1780,23170,1816,57,0,21,553,1671,65018,7359,6278,2994,7267,2645,9854,2296
365,46835,Indiana,Fort Wayne,35104,35,1405,29329,1703,9,0,25,1296,1337,72320,9401,7828,4247,8705,1684,12672,2000
366,46901,Indiana,Kokomo,40107,39,142,34218,3051,164,14,82,1092,1344,57211,10307,4331,2245,14799,6296,12473,6016
367,46902,Indiana,Kokomo,35568,41,894,30023,2729,86,7,62,659,1108,61466,9820,4979,2952,13586,3023,11026,4730
368,47305,Indiana,Muncie,3639,37,0,2741,587,15,0,35,45,216,32924,769,305,407,1259,687,982,1353
369,47306,Indiana,Muncie,5026,19,82,4219,338,0,8,0,140,239,-1,3,0,0,5026,0,0,5026
370,47804,Indiana,Terre Haute,11359,36,58,10135,516,4,0,18,414,214,43445,2774,1135,556,4202,1953,3509,2374
371,47807,Indiana,Terre Haute,12107,29,329,8789,1541,18,0,0,856,574,31571,2325,823,605,4346,2833,3498,4055
372,47809,Indiana,Terre Haute,2923,19,56,2130,514,0,0,0,55,168,-1,0,1137,0,0,0,1785,0
373,66044,Kansas,Lawrence,28912,23,1035,23880,858,382,6,41,798,1912,53167,4209,7256,6100,5753,1879,7950,4683
374,66045,Kansas,Lawrence,2001,19,185,1362,185,13,0,0,84,172,-1,0,1278,0,0,0,722,0
375,66046,Kansas,Lawrence,18735,29,736,12974,1323,952,0,42,1226,1482,54646,3741,4084,3803,4159,1199,5489,1723
376,66047,Kansas,Lawrence,20222,29,1467,14984,961,484,0,63,896,1367,82194,4344,5925,5338,2649,505,5803,1476
377,66049,Kansas,Lawrence,29979,35,2087,24254,886,460,0,0,888,1404,91375,7281,8843,9653,3867,1049,6565,1319
378,66506,Kansas,Manhattan,3478,19,201,2829,117,5,13,0,146,167,-1,0,0,580,0,0,2897,0
379,66409,Kansas,Topeka,3056,48,0,2857,116,0,0,0,37,46,94660,1002,589,452,999,73,941,125
380,66603,Kansas,Topeka,1504,32,0,769,287,13,0,0,165,270,35076,264,172,54,672,400,206,557
381,66604,Kansas,Topeka,22634,37,334,17150,1904,114,0,22,887,2223,60606,5056,4436,2693,6043,1991,7469,2172
382,66605,Kansas,Topeka,18755,36,42,10564,2782,101,25,0,801,4440,57191,4888,2569,1331,6583,2644,5645,2832
383,66606,Kansas,Topeka,11019,42,55,8750,579,99,0,0,392,1144,58380,2455,2159,1245,3239,969,3415,1399
384,66607,Kansas,Topeka,10248,31,10,3729,2444,89,0,63,751,3162,39417,2079,645,194,4365,2797,2244,2623
385,66608,Kansas,Topeka,5709,40,18,4350,221,57,8,0,348,707,43821,1166,331,97,2471,919,1883,873
386,66609,Kansas,Topeka,7907,41,68,5819,607,109,0,0,446,858,70367,2018,1201,964,2909,529,2308,917
387,66610,Kansas,Topeka,10077,44,177,9255,194,9,0,0,136,306,151042,2930,3083,2227,1934,282,2549,221
388,66611,Kansas,Topeka,9855,37,184,7595,958,43,0,0,414,661,59000,2380,2158,1419,1902,502,3863,817
389,66612,Kansas,Topeka,2277,36,0,1279,602,22,0,0,55,319,27914,433,223,223,735,257,835,719
390,66614,Kansas,Topeka,31838,40,765,24583,1796,241,30,96,1276,3051,68601,8202,7895,4743,8246,1623,9360,1369
391,66616,Kansas,Topeka,5738,43,49,3436,320,11,0,0,262,1660,48668,1371,309,154,2874,780,1612,763
392,66618,Kansas,Topeka,9980,39,48,8943,201,0,0,0,319,469,93128,2991,2764,1167,2824,129,3093,139
393,66619,Kansas,Topeka,2985,22,77,2087,267,22,0,0,268,264,55649,641,444,101,862,188,1391,680
394,66621,Kansas,Topeka,690,19,75,427,41,0,0,0,78,69,-1,0,0,0,0,0,0,0
395,66622,Kansas,Topeka,95,67,0,72,18,0,0,0,0,5,-1,0,15,0,72,0,7,0
396,67202,Kansas,Wichita,1587,33,22,1293,132,5,0,0,34,101,50322,145,342,314,382,99,449,185
397,67203,Kansas,Wichita,28924,36,482,17922,1548,237,0,11,959,7765,50691,6205,4772,2227,8098,4888,8937,3239
398,67209,Kansas,Wichita,13985,35,258,11984,362,60,21,0,333,967,76050,3592,3090,1664,3775,895,4545,811
399,67211,Kansas,Wichita,19636,32,515,10194,1973,148,0,21,1359,5426,38637,4139,1786,667,7088,4123,5969,5890
400,67212,Kansas,Wichita,44811,38,804,35704,1507,190,0,7,1788,4811,68494,11448,10620,4257,10665,2912,16356,2643
401,67213,Kansas,Wichita,23330,31,229,13350,1584,103,0,0,744,7320,41101,4860,2169,886,8678,5015,6579,5809
402,67214,Kansas,Wichita,14666,32,381,3181,6501,94,15,10,579,3905,30866,2885,1026,527,4399,3886,4810,4810
403,67215,Kansas,Wichita,6017,33,530,4907,41,63,0,18,95,363,87301,1665,1371,379,1371,499,2400,228
404,67218,Kansas,Wichita,22528,33,1040,12369,4080,270,0,36,768,3965,50569,4985,3627,1892,6420,3041,7524,4595
405,67227,Kansas,Wichita,327,43,0,327,0,0,0,0,0,0,107165,83,90,26,38,44,127,23
406,67228,Kansas,Wichita,2651,31,246,2033,89,2,0,0,122,159,167090,699,1203,686,188,0,569,79
407,67232,Kansas,Wichita,623,32,0,568,0,0,0,0,0,55,98123,169,58,58,106,85,313,117
408,67235,Kansas,Wichita,12649,36,619,10999,85,13,0,0,284,649,113674,3599,4174,2238,1758,569,3895,139
410,42102,Kentucky,Bowling Green,19,-1,0,19,0,0,0,0,0,0,-1,0,0,0,9,0,9,0
411,42103,Kentucky,Bowling Green,20176,38,1067,16647,1511,160,83,40,260,408,89716,5755,4438,3813,4922,1271,5729,1916
412,42122,Kentucky,Bowling Green,4872,43,0,4636,96,0,0,0,0,140,100417,1457,891,589,1500,633,1256,214
413,40502,Kentucky,Lexington-Fayette,26699,37,887,23987,634,217,0,32,519,423,109279,6462,8543,8837,2883,1148,5313,1575
414,40503,Kentucky,Lexington-Fayette,29534,36,1405,25332,752,129,0,68,735,1113,75436,7214,8180,6674,4784,1535,8328,1447
415,40504,Kentucky,Lexington-Fayette,26888,31,523,16642,3608,44,0,365,750,4956,45069,5509,4517,2796,8308,4651,6614,6695
416,40505,Kentucky,Lexington-Fayette,25750,40,98,17198,5447,129,0,21,816,2041,50073,6542,2729,1364,8343,5510,7802,4737
417,40506,Kentucky,Lexington-Fayette,2531,19,116,2016,232,0,0,0,74,93,-1,0,1518,336,83,0,589,0
418,40507,Kentucky,Lexington-Fayette,1892,41,8,1492,285,0,0,0,54,53,57044,263,510,350,283,155,590,351
419,40508,Kentucky,Lexington-Fayette,26686,22,1187,15740,6978,6,7,121,1172,1475,42009,2891,4429,3549,5950,5417,7311,8646
420,40509,Kentucky,Lexington-Fayette,38800,35,1893,28319,5633,10,50,60,1002,1833,98476,10111,11484,7992,6867,2172,10320,2716
421,40510,Kentucky,Lexington-Fayette,2102,34,0,1289,550,23,0,7,30,203,155854,274,306,256,601,336,599,130
422,40511,Kentucky,Lexington-Fayette,32900,34,429,17364,8644,52,79,155,835,5342,66886,7218,7007,4211,7567,4408,9738,4112
423,40513,Kentucky,Lexington-Fayette,11242,43,1512,8610,431,46,0,0,221,422,132875,3127,3721,3428,1416,460,2214,202
424,40514,Kentucky,Lexington-Fayette,15682,38,772,13429,624,0,0,47,427,383,111411,4352,4641,3857,2273,392,4516,188
425,40515,Kentucky,Lexington-Fayette,35839,37,1393,29351,2541,25,0,50,1008,1471,93542,9761,10429,7597,5590,1648,10572,2114
426,40516,Kentucky,Lexington-Fayette,3134,41,0,2058,529,0,0,14,14,519,92603,866,507,723,676,426,796,159
427,40517,Kentucky,Lexington-Fayette,36445,31,985,24033,8347,5,21,95,1197,1762,51916,8861,6851,4008,9184,2769,13630,9001
428,42301,Kentucky,Owensboro,42793,39,291,36727,2906,50,0,131,1340,1348,61969,11192,5349,3637,14378,5220,14164,5605
429,42303,Kentucky,Owensboro,41180,37,958,36579,1408,112,0,33,772,1318,65414,10695,5929,3665,14330,4406,12848,5394
430,71301,Louisiana,Alexandria,23297,37,820,8565,12894,93,0,0,235,690,56038,5155,3075,1700,7967,4542,6010,5474
431,71302,Louisiana,Alexandria,14146,41,0,2172,11547,87,0,14,202,124,48398,3489,1258,594,5856,2843,3607,2829
432,71303,Louisiana,Alexandria,21741,38,1036,13146,6342,26,7,17,487,680,69241,5133,3435,3021,7196,1674,6413,2652
433,70801,Louisiana,Baton Rouge,30,-1,0,30,0,0,0,0,0,0,-1,0,30,0,0,0,0,0
434,70802,Louisiana,Baton Rouge,25427,31,761,4419,19138,7,0,0,492,610,38314,4311,2974,2212,8594,4805,6865,6865
435,70803,Louisiana,Baton Rouge,842,19,15,545,203,0,0,0,46,33,-1,0,144,348,0,0,348,0
436,70805,Louisiana,Baton Rouge,27800,30,32,907,26335,99,0,0,242,185,37288,5780,1751,583,11120,6699,7645,9285
437,70806,Louisiana,Baton Rouge,28977,34,851,13723,12983,10,15,19,268,1108,69306,6193,6374,4810,6809,3332,7678,5418
438,70808,Louisiana,Baton Rouge,32404,31,1219,23622,5715,65,0,23,540,1220,102762,6844,10693,10045,3596,1360,6707,2657
439,70815,Louisiana,Baton Rouge,30083,34,2854,11436,12982,114,0,37,387,2273,63623,6821,5595,2376,9205,3339,9566,3579
441,70402,Louisiana,Hammond,1917,19,29,1207,617,6,0,0,28,30,-1,0,0,0,0,0,1917,0
442,70501,Louisiana,Lafayette,32033,34,104,6814,23760,25,0,0,384,946,42515,6566,3107,1505,10987,9289,7175,8360
443,70503,Louisiana,Lafayette,31193,34,1180,25734,2969,95,0,52,526,637,104551,7227,10792,5240,6269,1122,7798,1310
444,70601,Louisiana,Lake Charles,31855,37,113,9107,21194,23,0,107,288,1023,46690,7576,4204,1847,9365,6498,9906,6912
445,70607,Louisiana,Lake Charles,27191,31,476,14475,9750,129,0,23,916,1422,53755,6461,3643,1332,9462,3997,8755,4568
446,70615,Louisiana,Lake Charles,13647,34,20,5524,7095,45,0,89,582,292,53551,3212,941,491,4926,3288,3984,3957
447,71201,Louisiana,Monroe,21336,39,226,12959,7374,65,0,0,197,515,81284,5127,6166,3627,4245,1770,5526,2517
448,71209,Louisiana,Monroe,179,19,0,158,7,0,0,0,7,7,-1,0,0,0,0,0,179,0
449,02630,Massachusetts,Barnstable Town,2277,48,26,2204,47,0,0,0,0,0,155438,629,628,512,218,186,730,66
450,02632,Massachusetts,Barnstable Town,9923,50,47,9505,46,12,0,81,153,79,91988,2787,2490,1607,2113,267,3443,347
451,02635,Massachusetts,Barnstable Town,3301,53,0,3218,0,0,0,0,0,83,102109,999,1016,920,571,46,749,234
452,02637,Massachusetts,Barnstable Town,141,52,0,141,0,0,0,0,0,0,193495,40,0,85,0,20,34,0
453,02647,Massachusetts,Barnstable Town,121,66,0,121,0,0,0,0,0,0,107047,41,58,39,9,0,12,0
454,02648,Massachusetts,Barnstable Town,6589,49,0,6155,126,0,0,25,99,184,91899,1952,1587,1027,1601,303,2075,276
455,02655,Massachusetts,Barnstable Town,3257,56,0,3012,64,0,0,15,38,128,144027,976,915,723,781,78,755,58
456,02672,Massachusetts,Barnstable Town,368,48,0,326,0,0,0,42,0,0,152774,127,151,124,64,0,28,0
457,02744,Massachusetts,New Bedford,11184,34,38,6784,583,0,0,515,377,2887,49347,2637,1252,380,2963,4238,2337,2717
458,02745,Massachusetts,New Bedford,24294,43,278,20467,433,0,0,606,326,2184,66755,6436,3061,1651,8624,4785,6170,2405
459,02746,Massachusetts,New Bedford,15637,32,179,7382,992,10,0,792,169,6113,42936,3753,985,406,5816,5207,3205,5082
460,48103,Michigan,Ann Arbor,55270,38,5587,42120,3255,178,0,50,2236,1844,113358,13737,16028,24208,4587,1437,9009,1823
461,48104,Michigan,Ann Arbor,42246,23,5250,31940,1903,39,24,103,1292,1695,93779,5478,13011,20869,2450,633,5280,2323
462,48108,Michigan,Ann Arbor,26092,36,3717,16447,3316,14,29,40,1523,1006,91797,6407,7253,8218,3000,1382,6235,1461
463,48109,Michigan,Ann Arbor,5562,19,1001,3654,386,0,0,0,214,307,-1,0,2630,489,328,350,1768,0
464,48706,Michigan,Bay City,39388,43,279,35738,538,49,0,9,963,1812,60679,10477,5199,2638,13037,3978,14534,4529
465,48502,Michigan,Flint,1092,27,11,522,521,0,0,13,25,0,31738,41,56,37,431,266,299,719
466,48503,Michigan,Flint,25819,36,160,11984,11737,49,6,92,1099,692,42346,5866,3175,2349,7900,3666,8726,8313
467,48507,Michigan,Flint,31154,37,244,20520,8849,46,6,30,775,684,42109,7640,2866,1308,11121,3987,11838,8037
468,48532,Michigan,Flint,20020,38,248,11062,6322,144,0,18,1072,1154,59546,5305,2722,1441,6286,1601,7947,4084
471,49202,Michigan,Jackson,19690,37,238,15759,2044,52,0,0,582,1015,43551,4595,1929,511,7147,2736,7364,4115
472,48640,Michigan,Midland,33337,40,636,30445,657,117,28,0,499,955,76345,8902,7267,4500,9267,2166,10134,3000
474,49440,Michigan,Muskegon,861,45,0,593,126,34,0,0,99,9,29466,152,105,92,139,161,360,334
475,48602,Michigan,Saginaw,30343,35,145,16936,6715,139,3,67,1281,5057,45995,6867,2882,1517,10862,4581,10529,6402
476,48607,Michigan,Saginaw,1409,49,10,247,935,26,0,0,91,100,31456,182,101,53,435,524,295,449
477,48638,Michigan,Saginaw,12240,44,347,9404,1344,31,9,0,130,975,61752,3232,2435,1701,2778,758,4577,1175
478,55901,Minnesota,Rochester,54831,34,4319,42485,4005,84,0,125,1719,2094,84463,13887,15243,11295,9430,2796,16065,3344
479,55902,Minnesota,Rochester,24125,39,1878,19523,810,23,0,22,627,1242,133315,6446,6272,7768,3208,820,6055,747
480,55904,Minnesota,Rochester,27012,36,980,20135,2785,99,20,28,451,2514,72715,6880,4024,2458,8184,2755,9589,2755
482,55906,Minnesota,Rochester,18292,42,1410,14743,663,19,0,13,602,842,111570,4953,5359,3749,3237,768,5176,621
483,65202,Missouri,Columbia,48494,32,1200,36907,6016,21,11,69,2325,1945,60872,11854,11396,5867,13287,3976,13917,4606
484,65215,Missouri,Columbia,257,19,3,226,7,0,0,0,15,6,-1,0,0,0,0,0,0,0
485,65804,Missouri,Springfield,38021,40,880,34405,866,150,118,29,652,921,68683,9437,9010,6425,8212,1786,12584,2927
486,65806,Missouri,Springfield,11708,25,659,8895,1174,112,0,0,272,596,25218,1585,1217,679,3863,2037,3922,4367
487,65809,Missouri,Springfield,11819,45,138,11254,0,31,0,0,216,180,128582,3571,3888,3143,1761,271,2753,319
488,39406,Mississippi,Hattiesburg,1943,19,73,967,857,0,0,0,14,32,-1,0,1445,497,0,0,0,0
489,39174,Mississippi,Jackson,676,20,0,17,659,0,0,0,0,0,32751,22,0,80,444,110,40,0
490,39201,Mississippi,Jackson,548,35,9,278,246,0,0,0,0,15,61474,36,123,112,109,120,82,0
491,39202,Mississippi,Jackson,8197,29,120,3725,4237,7,5,0,21,82,57209,1389,1975,1754,1541,1147,1770,1623
492,39203,Mississippi,Jackson,6250,28,14,349,5791,6,0,5,76,9,32080,1028,712,312,1956,1756,1512,2693
493,39204,Mississippi,Jackson,19072,28,6,1527,17096,6,0,0,155,282,40066,3796,1869,1048,6827,3909,5416,5893
494,39206,Mississippi,Jackson,24432,35,93,2508,21488,42,0,0,163,138,49048,5735,4251,2834,5717,2980,8624,5301
495,39211,Mississippi,Jackson,24879,34,356,12492,11191,12,52,0,119,657,90341,6182,7812,6045,2960,1020,7065,995
496,39216,Mississippi,Jackson,3850,40,13,2624,1075,8,2,0,12,116,95172,778,796,950,581,435,1085,400
497,39217,Mississippi,Jackson,1243,19,0,59,1172,0,0,0,0,12,-1,0,0,0,0,0,0,0
499,59102,Montana,Billings,47520,40,296,43141,292,1138,45,3,928,1677,73201,12136,11167,5322,12782,2661,15634,3136
500,59105,Montana,Billings,30905,35,235,26475,194,1198,0,23,1000,1780,84182,8267,6211,1977,9178,1977,11558,1854
501,59106,Montana,Billings,16552,42,111,15180,46,211,0,10,215,779,119360,4488,5048,2631,3492,711,4667,347
502,59801,Montana,Missoula,32067,29,833,28243,137,837,0,36,942,1039,53760,6076,8401,6220,5739,1571,10165,4489
503,59803,Montana,Missoula,17318,38,87,15843,137,107,0,0,569,575,85585,4717,5940,3532,2424,415,5004,796
504,28715,North Carolina,Asheville,26317,41,55,23625,194,49,49,0,332,2013,68503,6764,5000,2605,7974,2789,8000,2658
505,28805,North Carolina,Asheville,18467,48,51,15796,1417,36,0,19,247,901,62397,4310,4949,2973,3767,1625,5133,997
506,28301,North Carolina,Fayetteville,18195,31,220,3157,13388,108,0,0,622,700,39837,3513,1819,1000,5221,3475,6695,6732
507,28303,North Carolina,Fayetteville,29056,36,933,12673,10959,199,117,15,1191,2969,59528,6809,4939,3283,7089,2644,11128,5055
508,28305,North Carolina,Fayetteville,5961,45,99,3804,1540,42,0,16,168,292,65724,1521,1454,876,1084,691,1847,613
509,28310,North Carolina,Fayetteville,6381,22,260,3517,1095,74,21,0,502,912,-1,0,912,127,1295,0,4045,0
510,28311,North Carolina,Fayetteville,36264,32,1011,14652,14940,81,132,79,1685,3684,61026,8718,7107,4387,8195,2756,13816,4460
511,28314,North Carolina,Fayetteville,56987,29,1516,18951,24821,300,97,137,2943,8222,57137,14000,10314,4501,12936,3647,25587,8092
512,28543,North Carolina,Jacksonville,5144,21,53,3073,645,138,12,0,240,983,41906,1880,524,0,1491,324,2803,550
513,27601,North Carolina,Raleigh,10061,31,177,3202,5803,35,0,0,150,694,63175,1424,2122,1418,2444,1660,2424,3209
514,27605,North Carolina,Raleigh,5069,35,118,4379,399,0,0,0,24,149,94743,839,2017,1728,405,233,679,157
515,27608,North Carolina,Raleigh,11343,40,1,10875,313,18,0,0,7,129,154620,2995,5558,3289,725,147,1622,374
516,27609,North Carolina,Raleigh,33103,37,652,22304,5690,45,0,125,609,3678,93030,8126,11354,6554,4502,2052,8639,2648
517,27612,North Carolina,Raleigh,37384,37,1480,27985,4560,83,0,14,343,2919,99054,9010,14093,9308,4411,1607,7962,1757
518,27613,North Carolina,Raleigh,43484,38,1760,33593,4787,167,10,77,1022,2068,113201,11870,18045,10740,4087,652,10044,1217
519,27615,North Carolina,Raleigh,42863,43,1084,32627,5888,128,104,99,618,2315,112677,11586,16930,8744,5357,1843,9987,1543
520,27616,North Carolina,Raleigh,52679,33,2833,17668,19770,134,42,212,1707,10313,74706,12845,14592,6268,9324,6584,15909,5215
521,27801,North Carolina,Rocky Mount,20279,38,13,4527,15061,9,28,28,423,190,41707,5482,1358,851,7868,4096,6083,5962
522,27104,North Carolina,Winston-Salem,28257,43,958,20956,3609,57,0,45,705,1927,102792,7207,8364,7149,4379,1215,7149,1864
523,27109,North Carolina,Winston-Salem,2456,19,310,1561,435,0,0,11,40,99,-1,0,0,0,0,0,2456,0
524,27110,North Carolina,Winston-Salem,2369,19,83,409,1692,0,0,11,101,73,-1,0,980,0,0,0,1388,0
525,58501,North Dakota,Bismarck,30255,37,195,27188,845,651,39,7,456,874,73367,7184,7957,2753,7503,1966,10074,1119
526,58503,North Dakota,Bismarck,31999,37,476,29067,369,1088,0,34,563,402,99953,9001,8703,3775,6015,1567,11935,1471
528,68801,Nebraska,Grand Island,29812,33,393,16050,792,99,141,109,229,11999,60689,7415,3338,1311,9450,6707,9003,4412
529,68803,Nebraska,Grand Island,24838,38,309,20022,538,84,0,36,331,3518,75819,6336,3874,1912,7650,2533,8867,2011
530,68502,Nebraska,Lincoln,26951,34,1023,19952,2265,144,0,0,668,2899,66211,6080,6333,4473,5417,2964,7788,2991
531,68503,Nebraska,Lincoln,15850,25,2093,8870,1991,134,10,40,528,2184,43762,3036,2567,2456,4073,1870,4881,4469
532,68504,Nebraska,Lincoln,17114,28,902,13597,1057,29,0,0,688,841,45758,3447,3166,1471,4791,1574,6109,2875
533,68505,Nebraska,Lincoln,17312,33,556,15381,282,81,7,0,379,626,62928,4439,3600,1679,4501,709,6803,1333
534,68506,Nebraska,Lincoln,29018,39,437,26126,324,73,0,44,855,1159,71912,7443,8212,5339,5136,1334,8995,1683
535,68507,Nebraska,Lincoln,13750,40,222,12287,130,74,0,40,297,700,66014,3587,2626,1155,4015,797,5156,1045
536,68508,Nebraska,Lincoln,15768,21,1044,11663,931,107,0,23,311,1689,30526,992,2743,2270,2838,2570,5345,5124
537,68510,Nebraska,Lincoln,21396,35,1053,17334,825,160,58,4,624,1338,64824,5133,5434,2824,5541,1198,6397,2182
538,68512,Nebraska,Lincoln,13505,36,676,11560,320,31,0,0,522,396,101308,3749,4186,2214,2052,351,4686,864
539,68514,Nebraska,Lincoln,205,39,0,124,0,54,0,0,27,0,145196,75,107,18,0,0,79,0
540,68516,Nebraska,Lincoln,42851,38,1058,38054,852,17,94,66,651,2059,100605,11816,13798,7841,7284,1114,12855,1671
541,68517,Nebraska,Lincoln,487,41,0,487,0,0,0,0,0,0,143339,133,74,140,91,0,179,0
542,68521,Nebraska,Lincoln,34645,30,2337,26180,1175,128,0,0,1012,3813,69194,8099,7379,2598,8834,3776,12021,4018
543,68524,Nebraska,Lincoln,6114,29,100,4667,404,56,13,0,214,660,71210,1460,1131,311,1669,360,2641,556
544,68526,Nebraska,Lincoln,6399,37,203,5869,138,11,0,10,97,71,131399,1906,2156,1503,601,95,2041,76
545,68527,Nebraska,Lincoln,848,49,0,848,0,0,0,0,0,0,178405,293,164,265,117,0,301,0
546,68528,Nebraska,Lincoln,6760,27,325,5192,234,29,0,11,223,746,66845,1478,1210,547,1548,567,2893,878
547,68531,Nebraska,Lincoln,52,61,0,52,0,0,0,0,0,0,84075,10,2,0,8,5,35,0
548,03101,New Hampshire,Manchester,2542,43,67,2127,45,12,0,0,17,274,58910,386,505,340,569,386,742,330
549,03109,New Hampshire,Manchester,10852,38,221,9637,487,0,0,51,195,261,93254,2882,2300,1041,3396,553,3559,401
550,08226,New Jersey,Ocean City,11328,53,207,9697,296,9,0,0,197,922,99427,2993,3534,1971,2548,657,2605,487
551,08608,New Jersey,Trenton,946,40,1,96,633,0,0,0,1,215,32609,161,27,16,398,137,367,264
552,87104,New Mexico,Albuquerque,12923,41,51,4156,149,263,0,0,109,8195,71446,3183,2881,2390,2907,1369,3372,2636
553,87106,New Mexico,Albuquerque,24988,31,1012,12444,1035,941,11,173,635,8737,60722,4453,5622,7146,3673,2498,6047,4272
554,87108,New Mexico,Albuquerque,37630,36,746,12426,1264,3166,23,97,606,19302,42013,7276,5493,4365,9256,7036,11514,11514
555,87109,New Mexico,Albuquerque,39332,38,1010,20500,1580,1684,1,225,783,13549,65306,9221,8259,6214,8220,2517,14120,5467
556,87110,New Mexico,Albuquerque,38299,42,1168,19357,1105,1085,106,95,804,14579,63901,9124,7966,7161,8387,2259,12523,3638
557,87111,New Mexico,Albuquerque,57331,43,1853,36179,895,2275,15,159,1210,14745,91798,15334,13874,14562,9574,2407,16969,4529
558,87112,New Mexico,Albuquerque,43197,40,1168,22888,1643,1737,14,54,1114,14579,63844,10510,8250,6220,9719,3369,15680,5140
559,87116,New Mexico,Albuquerque,3836,24,129,2546,305,6,0,77,291,482,73678,907,1154,494,621,46,1515,80
560,87117,New Mexico,Albuquerque,345,21,20,264,33,0,0,0,10,18,-1,0,50,0,0,0,294,0
561,87120,New Mexico,Albuquerque,62110,36,1280,23120,1536,2449,43,136,1233,32313,83183,15716,12670,8446,14098,3602,23353,5030
562,88011,New Mexico,Las Cruces,30310,37,871,15307,1094,190,16,52,667,12113,82608,7934,7729,7486,5031,1515,8547,3273
564,89701,Nevada,Carson City,26440,41,427,17152,474,549,33,17,886,6902,63661,6178,3225,1533,7879,3780,10020,2961
566,89703,Nevada,Carson City,9789,51,493,7794,134,268,26,16,155,903,89618,2704,2055,1771,1977,616,3367,616
567,89501,Nevada,Reno,3852,49,122,2619,238,100,103,0,141,529,62064,557,531,577,1009,489,1244,489
568,89503,Nevada,Reno,28620,31,1874,20990,656,230,269,30,958,3613,64058,4883,5552,3520,6668,2747,10131,2518
569,89509,Nevada,Reno,34717,43,1494,26088,551,129,257,106,816,5276,86530,8084,9338,6804,4895,2603,11074,2464
570,89519,Nevada,Reno,8250,52,378,7021,79,42,10,0,259,461,144968,2412,2475,2219,907,140,2499,321
571,89521,Nevada,Reno,29675,38,2404,21821,351,212,180,0,1173,3534,102076,8043,8130,5015,5074,1335,10089,919
572,14604,New York,Rochester,1932,44,58,937,621,0,0,0,115,201,37473,171,278,328,421,382,521,813
573,14605,New York,Rochester,13106,26,396,1397,6372,5,11,61,316,4548,41187,2830,1153,471,3813,3971,3708,6041
574,14607,New York,Rochester,16818,30,487,13379,1829,37,0,27,242,817,60115,1987,5129,3969,2657,1076,3985,3565
575,14608,New York,Rochester,12340,30,890,2344,7582,23,0,0,318,1183,33753,2392,1419,851,4010,2912,3146,5960
576,14611,New York,Rochester,17169,29,84,3614,10864,32,0,68,599,1908,34029,3650,1081,583,5820,4309,5373,6507
577,14613,New York,Rochester,13380,30,910,3726,5131,0,0,76,621,2916,41022,2849,1097,669,4294,2809,4495,3064
578,14614,New York,Rochester,1218,29,0,325,718,0,0,0,0,175,53917,0,48,20,338,433,375,0
579,14619,New York,Rochester,14353,32,94,2410,10193,97,0,9,439,1111,55015,3387,1779,904,4406,2167,5095,2928
580,14627,New York,Rochester,2470,19,435,1646,114,0,0,3,120,152,-1,0,1603,0,0,0,866,0
581,13202,New York,Syracuse,6206,26,365,1743,3061,29,0,53,248,707,37407,821,1148,875,1588,1501,1092,3363
582,13203,New York,Syracuse,17027,35,1463,8937,3629,179,0,18,1190,1611,52096,3392,2213,1855,4512,3984,4444,5210
584,44301,Ohio,Akron,15509,34,83,10275,3996,27,0,0,918,210,51371,3759,2279,651,5536,1721,5319,2745
585,44302,Ohio,Akron,5297,35,45,2968,2111,13,4,0,128,28,38485,1179,1011,349,1567,471,1896,1160
586,44303,Ohio,Akron,7683,46,264,6266,839,0,0,0,170,144,84137,1686,1959,1913,1475,315,2020,414
587,44304,Ohio,Akron,5378,21,454,3058,1381,0,0,27,121,337,34943,577,1000,785,1570,543,1473,2495
588,44305,Ohio,Akron,22586,37,228,16364,4422,32,18,27,1289,206,46384,5408,2348,858,9215,3139,7024,4562
589,44306,Ohio,Akron,21177,33,610,9854,8900,31,0,11,1325,446,37619,5148,1355,529,8449,3727,7136,6522
590,44307,Ohio,Akron,7464,33,4,801,6173,31,0,0,380,75,28860,1808,223,223,3015,1179,2821,3052
591,44308,Ohio,Akron,936,42,8,646,168,0,0,0,63,51,31238,17,89,73,376,183,213,330
592,44311,Ohio,Akron,8864,23,468,4258,3503,0,0,0,371,264,33458,1295,505,230,2552,2464,3111,4228
593,43201,Ohio,Columbus,31862,22,1656,23568,3729,75,14,71,1089,1660,50906,2501,10928,6850,4365,2325,7391,8284
594,43202,Ohio,Columbus,21541,27,2596,15922,1324,32,0,24,1165,478,62437,3398,8099,5708,1701,1055,4997,2283
595,43203,Ohio,Columbus,8197,32,84,1786,5347,0,39,0,559,382,37970,1477,1532,754,2319,1262,2336,2967
596,43205,Ohio,Columbus,12913,32,145,3884,7284,21,14,89,1075,401,46456,2386,1936,1187,3331,1794,4661,4300
597,43206,Ohio,Columbus,22144,34,298,10454,9879,119,12,167,1012,203,76705,4749,5292,3078,6023,2834,4915,4583
598,43210,Ohio,Columbus,12183,19,1618,9216,718,46,6,6,222,351,24336,227,3581,6956,1059,0,584,5640
599,43211,Ohio,Columbus,23229,30,30,5138,14052,120,0,81,2611,1197,36717,5094,1533,301,8734,5784,6875,8780
600,43217,Ohio,Columbus,2615,25,18,1969,382,0,0,0,178,68,43794,623,83,47,1226,368,886,590
601,43222,Ohio,Columbus,3614,32,8,2648,486,0,0,0,189,283,37170,580,390,68,1221,1279,654,1275
602,43223,Ohio,Columbus,25116,35,580,16191,5568,57,0,0,881,1839,40802,5108,1029,452,10649,6630,6354,7811
603,43224,Ohio,Columbus,43899,34,3217,18606,17613,29,51,144,1698,2541,45479,9647,5180,2107,16023,8077,12511,10623
604,45402,Ohio,Dayton,9568,35,45,2301,6801,30,0,10,189,192,36902,1611,1023,775,2592,1875,3300,2994
605,45403,Ohio,Dayton,15238,33,41,11019,1559,59,12,0,353,2195,35782,3578,1158,457,4312,4495,4830,5409
606,45405,Ohio,Dayton,17234,38,50,5028,10690,111,5,32,655,663,38193,3895,1602,1016,4825,2498,7289,5377
607,45428,Ohio,Dayton,311,65,0,207,104,0,0,0,0,0,-1,0,26,16,122,93,52,0
608,45801,Ohio,Lima,23186,36,200,17411,3777,94,0,60,914,730,51233,5605,1738,1182,8671,3408,8184,3524
609,44901,Ohio,Mansfield,2613,32,0,755,1221,14,0,0,383,240,-1,0,33,7,739,1100,729,0
610,44902,Ohio,Mansfield,4566,37,0,2946,1178,24,0,0,288,130,29314,886,141,13,2378,835,1200,1515
611,44905,Ohio,Mansfield,13951,37,57,11615,1448,30,0,0,484,317,51620,3035,976,320,6459,2301,3892,1911
612,44907,Ohio,Mansfield,14893,44,30,12002,1718,0,0,41,929,173,50336,3796,2144,714,5838,1727,4453,2099
613,45504,Ohio,Springfield,17795,40,235,15766,790,38,17,50,547,352,70052,4229,2526,2099,5658,2188,5320,1726
614,45505,Ohio,Springfield,20000,38,10,15518,2860,58,0,12,939,603,43135,4836,1040,420,8860,4420,5240,4860
615,45506,Ohio,Springfield,13669,35,29,7456,4680,30,54,0,1010,410,50795,3463,1571,683,5112,1708,4592,3184
616,43604,Ohio,Toledo,9160,31,19,2971,5057,15,0,28,183,887,28031,1541,677,577,2693,2372,2839,4781
617,43607,Ohio,Toledo,21560,33,518,5101,13893,41,3,75,762,1167,37101,4619,1918,1185,6877,3794,7804,6338
618,43608,Ohio,Toledo,14853,32,165,3463,9005,59,7,16,982,1156,34839,3277,549,267,5287,4322,4441,4990
619,43609,Ohio,Toledo,21876,31,298,11257,5303,65,5,88,1089,3771,34647,5107,1596,1400,7656,5053,6169,7700
620,43610,Ohio,Toledo,4453,32,75,1027,3073,0,0,9,217,52,37016,1067,485,262,1197,988,1518,1429
621,43611,Ohio,Toledo,18852,38,188,14511,1807,72,16,10,375,1873,53126,4974,2111,622,7012,2431,6673,3204
622,43612,Ohio,Toledo,28964,33,137,20552,4479,27,0,71,699,2999,50163,7089,2288,1100,11266,3591,10745,5879
623,43613,Ohio,Toledo,32423,36,467,25284,3198,109,0,28,747,2590,57432,8197,4571,1880,10569,2885,12482,3534
624,43620,Ohio,Toledo,5936,41,14,1848,3572,5,0,16,245,236,40501,1094,688,540,1905,1288,1513,1691
625,73705,Oklahoma,Enid,300,24,0,271,0,0,0,0,6,23,-1,0,247,52,0,0,0,0
626,73501,Oklahoma,Lawton,20147,36,230,10361,4501,1189,70,0,1275,2521,45635,3996,2095,725,7373,3827,6104,3747
627,73505,Oklahoma,Lawton,49421,33,1546,25442,9515,2016,142,68,3879,6813,66520,11722,6276,4892,15518,4151,18532,5337
628,73097,Oklahoma,Oklahoma City,95,41,0,78,0,17,0,0,0,0,37312,17,21,0,0,0,73,0
629,73102,Oklahoma,Oklahoma City,5312,32,92,2549,1344,419,3,11,424,470,81276,230,658,525,1567,1290,1269,717
630,73103,Oklahoma,Oklahoma City,4898,32,350,3782,319,40,0,0,186,221,82210,891,1606,994,744,357,1200,122
631,73104,Oklahoma,Oklahoma City,2306,29,212,1018,850,44,0,0,100,82,86311,466,804,528,329,117,525,544
632,73105,Oklahoma,Oklahoma City,5479,35,283,1579,3024,31,0,0,360,202,53097,1144,1046,838,1336,646,1616,728
633,73106,Oklahoma,Oklahoma City,13031,30,952,5500,1376,394,0,15,760,4034,52854,2152,1850,1146,3296,3270,3466,2671
634,73107,Oklahoma,Oklahoma City,25486,33,601,13753,1664,676,0,0,1223,7569,51397,5392,4358,1834,6677,5403,7212,4918
635,73108,Oklahoma,Oklahoma City,14564,28,49,3951,1230,402,0,10,580,8342,33466,2893,538,247,4340,6932,2534,6131
636,73109,Oklahoma,Oklahoma City,22462,28,59,6442,978,400,0,27,594,13962,39529,4274,1055,247,6783,9613,4761,5031
637,73111,Oklahoma,Oklahoma City,11395,42,40,748,9428,20,0,0,938,221,39413,2747,1276,672,3931,2016,3509,3008
638,73112,Oklahoma,Oklahoma City,31948,37,2291,18377,3646,653,91,22,1995,4873,64474,7306,7252,3450,8178,3897,9169,4344
639,73114,Oklahoma,Oklahoma City,18641,29,130,4690,9387,363,62,4,1264,2741,46837,4289,2609,1062,6021,2777,6188,5387
640,73118,Oklahoma,Oklahoma City,13942,35,1001,8955,1437,338,0,8,908,1295,77864,2894,3792,2565,2579,1171,3820,1143
641,73119,Oklahoma,Oklahoma City,33358,27,285,8661,1240,1172,9,26,1516,20449,42840,6906,1134,300,10174,15111,6638,9473
642,73128,Oklahoma,Oklahoma City,4778,32,732,3085,46,28,0,0,139,748,80374,1197,750,258,1275,582,1911,114
643,73131,Oklahoma,Oklahoma City,3564,41,32,2699,345,109,0,0,210,169,130755,869,962,684,823,160,930,167
644,73134,Oklahoma,Oklahoma City,4746,35,324,3348,757,19,0,0,180,118,76132,970,1585,460,854,104,1741,66
645,73139,Oklahoma,Oklahoma City,17783,33,239,10262,1591,743,0,30,566,4352,52853,3985,1475,800,5815,2685,6988,3183
646,73142,Oklahoma,Oklahoma City,14135,34,1155,9343,1452,361,0,144,983,697,97332,3924,4438,2982,1653,409,4678,1470
647,73151,Oklahoma,Oklahoma City,1705,49,56,1348,187,27,0,0,55,32,220189,516,617,552,190,80,264,66
648,73159,Oklahoma,Oklahoma City,33496,34,2450,16303,2902,797,0,16,2041,8987,57169,8134,3550,1574,10819,6632,10919,3483
649,73162,Oklahoma,Oklahoma City,29366,42,2241,20385,3432,539,16,34,1295,1424,87987,7729,7664,3846,6812,1527,9485,1233
650,73169,Oklahoma,Oklahoma City,2189,35,44,1609,8,64,0,0,166,298,77963,570,413,245,630,197,702,131
651,73173,Oklahoma,Oklahoma City,2376,35,33,1799,108,51,0,0,277,108,114574,615,748,344,346,178,757,87
652,73179,Oklahoma,Oklahoma City,4868,33,412,3221,262,97,0,0,179,697,107588,1237,1265,433,1202,389,1582,63
653,74103,Oklahoma,Tulsa,2061,33,35,1090,448,126,0,0,97,265,133608,44,199,117,713,463,568,0
654,74104,Oklahoma,Tulsa,11827,30,539,7896,670,347,0,49,884,1442,57809,2216,2743,2164,2247,1170,3500,2046
655,74105,Oklahoma,Tulsa,25562,41,266,19202,1822,871,0,12,1817,1572,92348,6162,7515,4575,4601,1559,7285,2862
656,74106,Oklahoma,Tulsa,17977,33,36,2312,11718,558,51,74,1559,1669,35542,4137,1528,844,6291,3613,5716,6579
657,74110,Oklahoma,Tulsa,14785,30,82,4113,3045,638,70,82,1090,5665,35757,3159,680,384,5366,4864,3504,5529
658,74112,Oklahoma,Tulsa,20472,36,266,12206,1803,1101,0,9,1579,3508,50885,4777,3480,1412,5609,3009,6940,2620
659,74114,Oklahoma,Tulsa,16070,41,110,13129,655,462,0,24,876,814,111900,4158,5528,3197,2185,642,4515,755
660,74115,Oklahoma,Tulsa,23484,30,127,9120,3445,1107,0,18,2338,7329,42100,5361,1362,352,8829,6340,6599,6340
661,74119,Oklahoma,Tulsa,3305,45,107,2464,248,144,8,0,192,142,54039,435,905,664,502,218,1014,175
662,74120,Oklahoma,Tulsa,4915,35,84,3107,294,207,0,0,476,747,83354,939,1322,747,948,427,1469,506
663,74128,Oklahoma,Tulsa,12620,33,339,5104,1446,311,62,0,853,4505,51239,2830,1022,365,4442,2751,4038,1792
664,74129,Oklahoma,Tulsa,19451,32,770,8210,2462,724,14,59,1205,6007,52090,4474,2159,914,6399,3948,6010,2917
665,74135,Oklahoma,Tulsa,20982,39,454,15014,1909,1007,0,10,1271,1317,66060,5190,5623,2643,4196,1720,6798,2559
666,74136,Oklahoma,Tulsa,31726,33,2419,18885,4759,1356,26,68,1851,2362,71886,6917,7582,4314,6472,2760,10628,4885
667,74145,Oklahoma,Tulsa,18284,36,376,10325,2315,815,116,46,1223,3068,59897,4509,3601,1188,4991,1992,6490,2157
668,97331,Oregon,Corvallis,2733,18,290,1826,6,6,15,6,240,344,-1,0,0,1869,0,0,863,0
669,97333,Oregon,Corvallis,22231,29,1936,17649,299,95,71,0,729,1452,68311,4536,7803,5046,3001,1044,5335,2045
670,97401,Oregon,Eugene,42631,28,3524,33107,926,430,86,111,2270,2177,56813,7133,11553,7758,6863,1918,14537,4305
671,97402,Oregon,Eugene,52211,35,675,38959,1179,383,44,275,2120,8576,56451,11732,8353,4020,12635,6004,21249,6421
672,97404,Oregon,Eugene,33496,41,551,28090,321,171,256,15,1409,2683,69831,9046,6163,3349,7670,2478,13867,3751
673,97302,Oregon,Salem,38493,40,1031,31221,450,186,252,69,1122,4162,76672,9859,9199,5773,7621,2232,13665,3117
674,16501,Pennsylvania,Erie,1998,54,48,1239,552,0,0,0,81,78,14780,177,143,131,617,605,499,711
675,16502,Pennsylvania,Erie,15491,34,405,10968,1899,155,18,161,582,1303,41653,3159,2416,697,7017,2075,3268,3624
676,16503,Pennsylvania,Erie,16959,29,738,7555,4970,55,0,5,1053,2583,32067,3580,746,423,7631,4850,3307,6630
677,16507,Pennsylvania,Erie,9558,32,254,6417,2031,11,3,53,97,692,39692,1816,1051,506,4090,1424,2475,2217
678,16546,Pennsylvania,Erie,997,19,48,792,74,5,0,0,31,47,-1,0,997,0,0,0,0,0
679,15901,Pennsylvania,Johnstown,3428,53,24,2528,642,2,0,6,132,94,22661,670,233,143,1600,737,713,1258
680,15201,Pennsylvania,Pittsburgh,12791,34,171,9373,2523,5,0,0,483,236,79470,2804,3952,2545,2724,831,2737,1330
681,15203,Pennsylvania,Pittsburgh,10171,29,169,9070,473,25,0,34,155,245,72338,1379,3203,2430,2308,498,1729,498
682,15206,Pennsylvania,Pittsburgh,29557,35,1618,14836,11088,16,10,156,895,938,70375,6198,6561,7862,6591,1891,6650,4433
683,15211,Pennsylvania,Pittsburgh,10804,33,196,9220,897,7,0,26,189,269,71375,2038,2906,1523,2938,680,2755,1350
684,15213,Pennsylvania,Pittsburgh,28265,21,4752,18632,3168,36,0,53,801,823,41682,2026,7744,9638,4154,1808,4946,6246
685,15217,Pennsylvania,Pittsburgh,28049,34,3409,21727,1173,24,0,37,618,1061,109464,6066,8358,11864,3393,925,3478,1262
686,15219,Pennsylvania,Pittsburgh,16514,27,586,6260,8403,49,0,83,614,519,44246,2265,1849,1700,5697,2378,4904,5466
687,15222,Pennsylvania,Pittsburgh,4700,30,453,3663,310,17,0,0,94,163,122010,645,1532,2006,376,28,752,371
688,15224,Pennsylvania,Pittsburgh,10723,33,253,7297,2702,13,0,61,121,276,57105,1852,2680,1994,2895,718,2444,2123
689,15232,Pennsylvania,Pittsburgh,11252,27,1768,8346,442,0,0,26,266,404,87293,1612,4163,5232,753,258,843,517
690,15233,Pennsylvania,Pittsburgh,4537,35,31,1962,2292,28,0,0,127,97,66514,507,689,276,1597,594,1374,617
693,29202,South Carolina,Columbia,286,28,59,208,5,0,0,0,5,9,117372,45,170,103,0,0,12,0
694,29205,South Carolina,Columbia,25007,29,568,17791,5206,4,3,0,320,1115,81108,4564,7752,6951,3275,1800,5226,4226
695,29207,South Carolina,Columbia,12213,19,411,5627,3022,17,39,9,745,2343,-1,3,4262,1453,2112,0,4384,0
696,29208,South Carolina,Columbia,761,19,39,494,186,0,0,0,8,34,-1,0,0,0,0,0,0,0
697,29225,South Carolina,Columbia,1277,18,23,1009,145,0,0,0,51,49,-1,0,0,0,0,0,1277,0
698,29229,South Carolina,Columbia,48205,34,1533,15126,27303,14,179,207,1313,2530,78272,12767,12967,8869,8194,1831,16245,2892
699,29501,South Carolina,Florence,45026,39,834,27810,14418,34,68,33,675,1154,69701,11445,9410,4862,12337,4637,13822,5177
700,29505,South Carolina,Florence,24634,40,595,13839,8923,20,0,27,446,784,66299,6544,4064,2956,7316,2783,7488,2044
701,29541,South Carolina,Florence,10766,39,46,6369,4072,44,0,16,127,92,74252,2764,818,376,4467,2120,2992,1270
702,29302,South Carolina,Spartanburg,16612,43,719,12327,3024,51,13,13,83,382,92713,4388,4169,3388,3471,1611,3953,1279
703,29152,South Carolina,Sumter,1667,22,44,1090,189,0,0,0,215,129,37966,374,175,208,91,131,1060,165
704,57103,South Dakota,Sioux Falls,35433,36,1018,27776,2774,446,0,14,1000,2405,72046,8737,6448,3224,10807,3968,10984,3153
705,57105,South Dakota,Sioux Falls,22105,36,159,19283,1133,402,9,0,694,425,77685,5561,5813,3094,5216,839,7162,707
706,57106,South Dakota,Sioux Falls,45701,33,948,38716,1046,738,21,193,1530,2509,72068,11375,11425,4844,11196,2604,15675,3701
707,57107,South Dakota,Sioux Falls,9873,31,140,8187,299,247,11,4,204,781,71563,2431,1994,671,2705,937,3554,681
708,57117,South Dakota,Sioux Falls,40,-1,0,40,0,0,0,0,0,0,-1,0,0,0,0,40,0,0
709,57197,South Dakota,Sioux Falls,924,19,19,801,58,0,0,0,21,25,-1,0,0,0,924,0,0,0
710,38305,Tennessee,Jackson,52743,37,805,31719,16223,14,0,60,1004,2918,73257,13680,11919,6592,14926,3797,15506,5643
711,37604,Tennessee,Johnson City,35256,37,878,29460,2389,91,7,0,938,1493,61563,8589,8108,5570,9307,2855,9413,5323
712,37614,Tennessee,Johnson City,1933,19,41,1403,272,7,0,0,79,131,-1,0,0,367,0,0,1565,0
713,37849,Tennessee,Knoxville,27222,38,111,25888,166,5,2,42,287,721,70640,7606,4709,2477,8983,2449,8574,2858
714,37871,Tennessee,Knoxville,9393,42,69,8903,118,0,0,0,186,117,72295,2624,1277,601,4208,1136,2169,779
715,37902,Tennessee,Knoxville,2241,31,58,1887,71,7,0,0,91,127,68588,285,522,853,421,221,221,150
716,37909,Tennessee,Knoxville,15615,32,917,11277,1358,31,39,78,366,1549,57343,3092,4543,3029,2841,1514,3669,2904
717,37912,Tennessee,Knoxville,22908,33,481,17122,3404,57,0,37,587,1220,46163,5524,3825,1466,7559,3046,6986,3917
718,37914,Tennessee,Knoxville,20275,40,106,10709,7874,60,0,10,621,895,53588,5059,2351,1459,7643,2534,6264,4866
719,37915,Tennessee,Knoxville,6163,27,0,1624,4020,0,0,85,43,391,24497,1399,671,437,2237,1010,1799,3241
720,37916,Tennessee,Knoxville,13014,20,528,10487,1139,0,17,27,324,492,24140,189,2290,2459,1952,1639,4672,4411
721,37917,Tennessee,Knoxville,24372,38,273,18168,3639,192,25,10,766,1299,44619,4962,3363,2485,7604,3753,7189,4386
722,37918,Tennessee,Knoxville,44476,38,259,39687,2121,62,8,56,950,1333,66636,11706,7071,4091,13965,4847,14543,4581
723,37919,Tennessee,Knoxville,27846,39,965,23445,1521,125,33,42,359,1356,100452,6676,8632,7295,4928,1726,5262,2255
724,37921,Tennessee,Knoxville,27991,34,252,19818,4647,58,0,93,1023,2100,55142,7054,4954,1903,9125,3218,8789,6186
725,37922,Tennessee,Knoxville,35336,40,1579,30587,1099,91,0,79,785,1116,144009,10411,12897,10247,3780,989,7455,989
726,37923,Tennessee,Knoxville,29454,37,1068,24380,1914,36,0,111,340,1605,76268,7233,8453,5419,5183,1708,8688,1502
727,37931,Tennessee,Knoxville,28338,38,441,24864,1288,121,0,0,652,972,85060,7569,7452,4647,5865,1841,8501,1558
728,37814,Tennessee,Morristown,34037,39,526,26804,1384,45,10,0,738,4530,57570,8876,4220,2518,12797,6194,8339,4765
729,37860,Tennessee,Morristown,3941,44,0,3819,52,0,0,0,70,0,58136,1018,271,177,1895,705,890,185
730,79601,Texas,Abilene,28041,30,546,15155,3887,352,2,83,693,7323,52921,4321,3056,1934,10066,5524,7458,3589
731,79605,Texas,Abilene,29672,33,569,19773,2168,150,13,111,467,6421,63713,7343,4183,2047,9346,3619,10444,3619
732,79606,Texas,Abilene,23929,33,988,16483,1959,22,0,6,512,3959,77331,6110,4714,2799,5599,1483,9356,1866
733,79607,Texas,Abilene,3309,21,150,1890,561,0,0,0,188,520,53954,584,734,155,565,112,1743,294
734,79699,Texas,Abilene,124,19,0,84,22,0,0,0,0,18,-1,0,0,0,0,0,0,0
735,79101,Texas,Amarillo,2185,48,0,1575,146,21,0,0,183,260,45806,405,270,142,723,316,731,260
736,79102,Texas,Amarillo,9586,30,906,4679,403,68,27,0,241,3262,51191,2161,1274,565,2214,2233,3297,1898
737,79103,Texas,Amarillo,10880,33,75,3671,366,10,0,31,215,6512,53795,2862,761,195,3927,2284,3710,1686
738,79104,Texas,Amarillo,6727,34,60,1744,20,0,0,0,21,4882,46131,1626,154,53,2172,2670,1668,1648
739,79106,Texas,Amarillo,27883,34,377,16997,1987,115,12,23,1076,7296,58975,6851,4293,2230,7472,3792,10121,4489
740,79107,Texas,Amarillo,35188,27,4032,6175,5389,35,24,8,578,18947,44620,8201,1548,422,11647,13336,8233,8726
741,79108,Texas,Amarillo,16479,41,109,9828,2251,61,22,24,203,3981,73336,3142,1400,313,6294,3510,4927,1961
742,79109,Texas,Amarillo,44211,36,836,32332,2144,161,9,48,1219,7462,76699,11305,8797,4376,9372,3669,18038,2564
743,79110,Texas,Amarillo,19242,33,114,12741,568,91,20,15,356,5337,69031,5277,2462,1000,5214,2366,8197,2520
744,79111,Texas,Amarillo,2060,29,20,1528,72,1,0,0,15,424,66676,402,115,105,545,309,984,265
745,79119,Texas,Amarillo,15884,36,360,12978,82,80,31,0,30,2323,115265,4398,4383,2700,2398,540,5861,619
746,79121,Texas,Amarillo,6582,50,155,4933,252,0,0,30,95,1117,102589,1887,1856,908,1230,401,2178,105
747,78401,Texas,Corpus Christi,5445,40,24,1577,530,0,0,37,43,3234,50302,647,353,196,1900,1562,1437,1138
748,78402,Texas,Corpus Christi,272,53,0,214,21,0,0,0,11,26,79114,57,76,31,52,26,85,0
749,78404,Texas,Corpus Christi,18467,38,258,5108,387,31,32,1,138,12512,59768,4584,2456,1846,5041,4561,4561,3416
750,78405,Texas,Corpus Christi,15469,37,2,516,839,0,0,4,39,14069,40081,3595,495,216,4841,7208,2722,3898
751,78406,Texas,Corpus Christi,1784,36,0,268,171,0,0,0,0,1345,54731,279,74,0,676,654,378,165
752,78407,Texas,Corpus Christi,3456,35,6,489,705,0,0,0,0,2256,54677,816,107,86,1347,950,964,725
753,78408,Texas,Corpus Christi,12606,33,82,1630,397,0,0,0,0,10497,48023,2904,554,302,4487,4059,3201,2281
754,78409,Texas,Corpus Christi,2733,33,0,669,24,0,12,0,0,2028,64400,650,147,13,860,707,1003,235
755,78410,Texas,Corpus Christi,27087,34,378,11171,435,18,49,29,96,14911,90911,7139,4063,1625,8126,3440,9886,2789
756,78411,Texas,Corpus Christi,26570,38,455,8239,864,74,0,66,142,16730,71142,6675,3640,2125,7041,3586,10149,3002
757,78412,Texas,Corpus Christi,39286,28,959,14314,1393,121,69,0,488,21942,61927,8530,6482,3378,10803,4203,14378,5892
758,78413,Texas,Corpus Christi,40070,35,1326,13047,1559,68,26,30,531,23483,92933,10132,7933,4608,10257,3205,14064,2564
759,78414,Texas,Corpus Christi,38343,33,2085,14337,1509,31,32,15,421,19913,101254,9708,8742,5406,8128,1878,14148,1495
760,78416,Texas,Corpus Christi,15493,35,0,400,1022,12,0,9,72,13978,43943,3814,635,77,5422,6104,3253,2742
761,78417,Texas,Corpus Christi,4176,33,0,248,330,0,0,0,9,3589,55386,1021,288,37,1474,1302,1069,380
762,78418,Texas,Corpus Christi,31120,39,1012,20232,970,244,0,0,488,8174,86640,8341,5352,3174,8682,2987,10892,2925
763,78419,Texas,Corpus Christi,919,22,48,374,232,17,0,0,45,203,64340,185,273,53,167,9,415,64
764,79901,Texas,El Paso,10284,41,29,295,212,26,0,0,39,9683,22768,1936,246,71,1881,6581,1501,5285
765,79902,Texas,El Paso,20123,39,379,3322,383,66,0,39,181,15753,58948,4301,3682,2636,3360,4970,5493,4205
766,79903,Texas,El Paso,16495,41,56,1089,277,4,0,0,26,15043,40208,3633,1748,808,3909,5674,4371,3167
767,79904,Texas,El Paso,34098,28,459,5633,2064,269,0,24,586,25063,45790,7999,3750,1295,9615,7774,11661,8319
768,79905,Texas,El Paso,23108,38,0,368,83,26,0,0,7,22624,33775,5334,1247,415,5984,9913,5522,8549
769,79907,Texas,El Paso,53505,34,14,1412,186,273,43,26,27,51524,39601,12563,4119,1337,16479,18298,13269,14232
770,79911,Texas,El Paso,4474,30,253,1284,68,0,0,0,23,2846,110959,1130,1458,1310,259,53,1400,67
771,79912,Texas,El Paso,81159,33,2427,19015,1665,191,26,143,1119,56573,82382,19195,23941,15176,12092,8521,21344,10144
772,79915,Texas,El Paso,35622,40,26,1141,537,28,7,0,9,33874,42061,9043,2600,926,10294,12717,9119,8371
773,79920,Texas,El Paso,5,-1,0,0,0,0,0,0,0,5,-1,0,0,0,0,0,0,0
774,79922,Texas,El Paso,8528,42,69,2232,0,13,95,0,510,5609,117026,2246,2456,1705,1466,912,1987,801
775,79924,Texas,El Paso,59587,32,990,11978,4344,66,2,76,677,41454,50282,14364,7448,2323,17458,12513,19782,10785
776,79925,Texas,El Paso,39455,36,233,7359,1169,154,170,0,248,30122,58335,9632,6470,2998,9705,5405,14874,5050
777,79930,Texas,El Paso,28324,35,227,2997,1409,134,0,0,271,23286,46128,6350,3455,1614,6656,8412,8185,6117
778,79934,Texas,El Paso,25846,29,497,7649,2594,21,0,0,675,14410,77016,6543,5892,3101,4936,2119,9821,1421
779,79935,Texas,El Paso,18166,36,77,2543,480,13,0,21,7,15025,61297,4448,3160,1035,4505,3233,6212,2634
780,79936,Texas,El Paso,111918,31,1273,10241,2664,235,99,70,478,96858,68890,26915,19249,7722,29770,16004,39171,14773
781,78040,Texas,Laredo,42324,29,72,612,33,45,0,0,1,41561,33247,8438,2158,677,11554,20273,7660,17733
782,78041,Texas,Laredo,46671,33,422,1931,176,12,0,72,70,43988,62347,10659,6767,3920,12134,13627,10267,11574
783,75601,Texas,Longview,16310,37,164,9549,3294,50,0,40,116,3097,62054,3606,1696,1141,4680,2707,6067,2055
784,75602,Texas,Longview,22112,31,140,7055,7968,30,0,11,431,6477,54725,4942,1967,729,6744,6102,6589,5063
785,79401,Texas,Lubbock,7909,22,375,4098,940,57,0,0,188,2251,28302,861,790,972,1985,1510,2649,2435
786,79406,Texas,Lubbock,6824,19,218,4448,431,77,0,18,117,1515,-1,0,5329,0,0,0,1494,0
787,79410,Texas,Lubbock,9583,26,101,7059,199,41,0,0,176,2007,62788,1712,1648,2127,1830,1006,2951,1427
788,79411,Texas,Lubbock,7894,28,86,3304,300,0,0,31,83,4090,47707,1674,1152,631,2005,2178,1918,1413
789,79412,Texas,Lubbock,17141,29,141,4704,2021,0,63,17,168,10027,45661,4183,1302,634,6445,4902,3856,4062
790,79413,Texas,Lubbock,22149,32,360,13039,1015,68,0,0,590,7077,69708,5269,4606,2436,5227,2635,7220,2347
791,79414,Texas,Lubbock,18150,29,229,9538,1225,11,30,0,389,6728,49542,4121,2740,1560,4646,2994,6207,2649
792,79416,Texas,Lubbock,33302,28,1346,18723,1925,81,5,0,679,10543,66046,7639,5727,4662,8292,3396,11189,3263
793,79423,Texas,Lubbock,37960,33,263,24231,1202,62,47,65,712,11378,84287,10189,9186,4289,8654,2771,13058,2201
794,79424,Texas,Lubbock,45948,35,1265,33268,1076,346,0,46,738,9209,101755,12331,12497,7673,8178,2389,15208,1791
795,79701,Texas,Midland,29315,30,28,7277,2517,89,0,0,203,19201,73921,6647,3576,1055,7797,9322,7592,3810
796,79703,Texas,Midland,23083,30,554,8400,1272,104,0,37,68,12648,82021,5435,2239,669,7455,4708,7986,1038
797,79705,Texas,Midland,39818,33,659,20687,3328,8,0,18,700,14418,121521,9851,9795,4180,8321,4977,12502,3304
798,79761,Texas,Odessa,33922,30,255,10468,2247,1,0,9,347,20595,79132,8033,3426,1153,9837,9158,10380,4036
799,79762,Texas,Odessa,44014,31,505,20296,1866,169,0,70,1087,20021,86362,10317,6910,3080,12059,6910,15008,2288
800,79766,Texas,Odessa,6519,28,0,1246,130,0,0,0,0,5143,82020,1500,436,117,2144,2379,1434,645
801,76903,Texas,San Angelo,32103,36,149,11725,1188,36,8,33,112,18852,52874,6980,2760,1027,10722,9117,8475,5585
802,76904,Texas,San Angelo,34828,33,447,22610,1985,81,24,17,616,9048,82570,8259,9577,3935,7627,1567,12154,975
803,76905,Texas,San Angelo,13129,31,258,6611,282,0,0,37,147,5794,73039,3248,1798,905,3833,2205,4371,984
804,76908,Texas,San Angelo,2652,20,48,1756,264,23,13,0,100,448,-1,0,747,151,981,0,771,0
805,75701,Texas,Tyler,34876,33,598,19860,7440,89,12,29,442,6406,66255,7532,6312,2929,7847,4812,12938,4464
806,75702,Texas,Tyler,28270,30,51,2953,11170,92,0,73,197,13734,41677,5364,1611,424,7237,10431,8565,8254
807,75704,Texas,Tyler,9974,37,46,4246,1816,4,0,0,15,3847,48022,2390,578,309,3560,2453,3062,2094
808,75708,Texas,Tyler,7709,31,6,2927,1012,62,0,0,0,3702,44658,1802,524,131,2675,2412,1958,1341
809,75709,Texas,Tyler,5046,41,241,2798,1355,38,0,0,66,548,85736,1190,756,731,1730,469,1357,388
810,77901,Texas,Victoria,43424,32,391,11547,3634,33,0,66,419,27334,59670,9911,3908,1910,15068,10421,12115,7599
811,77904,Texas,Victoria,27570,39,576,17412,904,43,0,97,615,7923,97692,7382,5762,2784,6616,2233,10173,1599
812,76701,Texas,Waco,1906,27,23,1073,324,20,0,0,18,448,54524,216,316,192,575,272,548,97
813,76704,Texas,Waco,7825,32,0,784,5736,0,0,0,70,1235,30953,1713,399,211,3114,1361,2738,3012
814,76707,Texas,Waco,16256,28,86,3716,4150,26,8,7,212,8051,40593,3702,1219,764,4811,5364,4112,4616
815,76798,Texas,Waco,1599,19,103,1026,140,11,0,0,51,268,-1,0,0,0,0,0,1599,0
816,76301,Texas,Wichita Falls,15632,35,147,7144,2891,116,0,36,371,4927,37617,3621,1422,515,5502,3642,4548,4689
817,76302,Texas,Wichita Falls,13725,32,135,9624,1220,119,26,51,283,2267,57780,3562,2196,823,3952,1674,5064,2868
818,76306,Texas,Wichita Falls,15099,35,201,8307,2342,136,0,162,428,3523,51766,3848,1842,845,5133,2295,4982,3261
819,76309,Texas,Wichita Falls,12939,36,94,7722,871,14,0,41,151,4046,66225,3171,1953,1151,3700,1902,4231,2277
820,76311,Texas,Wichita Falls,8501,20,386,5111,1124,18,0,24,447,1391,67448,553,2218,705,1156,246,4173,153
821,84101,Utah,Salt Lake City,4653,34,485,3175,157,64,33,61,41,637,65803,808,1358,688,874,474,1256,846
822,84102,Utah,Salt Lake City,17859,28,1273,13743,310,15,82,169,462,1805,60875,2572,5518,4625,2178,678,4857,2035
823,84103,Utah,Salt Lake City,22202,37,740,18729,259,39,29,39,621,1746,111836,4644,7282,6549,2397,621,5372,799
824,84105,Utah,Salt Lake City,22507,34,583,19477,87,248,34,41,472,1565,100384,5190,7179,6459,3105,697,5019,675
825,84111,Utah,Salt Lake City,11329,33,485,7524,616,690,6,9,365,1634,51122,1691,2730,1812,1937,1450,3398,1778
826,84112,Utah,Salt Lake City,1916,20,430,1258,8,2,20,5,57,136,22104,15,561,360,377,111,505,1404
827,84113,Utah,Salt Lake City,210,23,42,117,7,0,7,0,17,20,-1,0,45,11,102,14,35,0
828,84144,Utah,Salt Lake City,175,32,18,157,0,0,0,0,0,0,96564,28,54,31,11,10,67,0
830,22902,Virginia,Charlottesville,24019,35,772,16727,3362,94,17,28,379,2640,83806,5501,5500,5764,4779,2978,4995,2954
831,22802,Virginia,Harrisonburg,29882,34,491,20439,1748,52,29,72,870,6181,64686,7001,4840,3854,9263,5050,6872,3287
832,22807,Virginia,Harrisonburg,3227,19,232,2516,238,0,0,0,118,123,-1,0,0,0,0,0,0,0
833,23219,Virginia,Richmond,4138,29,363,1564,1880,41,0,0,102,188,48023,318,1080,802,595,657,1001,1080
834,23220,Virginia,Richmond,34409,26,1601,19981,10589,47,20,76,886,1209,68784,3815,11595,7260,5092,2821,7604,7019
835,23221,Virginia,Richmond,15354,33,340,12881,1424,4,0,40,318,347,111896,2820,6156,4667,1473,629,2425,399
836,23224,Virginia,Richmond,39066,33,361,5315,25640,58,6,154,1463,6069,42410,7878,3906,1250,14102,8907,10860,10430
837,24011,Virginia,Roanoke,441,32,49,372,12,0,0,0,0,8,128697,68,154,176,60,3,45,0
838,24016,Virginia,Roanoke,8515,37,130,3913,3542,28,0,37,254,611,42562,1418,1004,842,2571,1788,2316,1915
839,24017,Virginia,Roanoke,24074,38,330,6983,15095,45,171,45,814,591,46696,5559,2166,1035,9364,4477,7053,5537
840,98902,Washington,Yakima,46258,32,285,20719,340,494,10,41,1095,23274,52787,10412,4255,3145,12720,12443,13692,7262
841,53703,Wisconsin,Madison,31370,24,1605,26711,782,45,21,8,732,1466,60636,2450,12202,9567,2791,1254,5552,1192
842,53706,Wisconsin,Madison,6265,19,991,4595,232,14,0,8,193,232,17820,0,2650,2412,0,0,1202,0
843,53715,Wisconsin,Madison,14246,22,1697,10474,505,16,0,7,445,1102,48375,1128,4288,3974,1396,982,3604,2393
844,53726,Wisconsin,Madison,5869,23,716,4592,194,27,0,0,101,239,85599,725,1696,3550,299,52,275,340
845,25301,West Virginia,Charleston,2360,47,48,1601,452,0,0,38,156,65,51371,433,356,523,571,172,738,649
846,25304,West Virginia,Charleston,8307,42,297,6800,921,4,0,15,127,143,92942,1988,1786,1769,2093,506,2151,946
