,istech,area_title,jobs_1000,tot_emp,emp_prse,population,median_age,average_income,family_poverty,educational_attainment_bachelors,educational_attainment_graduate,educational_attainment_high_school,educational_attainment_no_diploma,educational_attainment_some_college,race_asian,race_white,race_black,race_hispanic,race_native,race_islander,race_two,race_other,city,state_code
0,0,"Abilene, TX",12.048519650655026,182230.0,18.251528384279474,85075,27,49583,9368,12687,6935,25576,10738,29001,2253,53385,8597,18241,524,15,1860,200,Abilene, TX
1,1,"Abilene, TX",8.40925,4450.0,22.5,85075,27,49583,9368,12687,6935,25576,10738,29001,2253,53385,8597,18241,524,15,1860,200,Abilene, TX
2,0,"Akron, OH",7.321090185676392,859710.0,19.45092838196288,94894,33,42943,25508,10769,5611,33755,13742,31013,2164,54490,31493,1761,134,22,4765,65,Akron, OH
3,1,"Akron, OH",6.404352941176471,33910.0,18.88235294117647,94894,33,42943,25508,10769,5611,33755,13742,31013,2164,54490,31493,1761,134,22,4765,65,Akron, OH
4,0,"Albany, GA",13.685161458333333,153970.0,18.69270833333334,64884,37,59234,13830,9365,7235,18004,9037,21217,948,20685,40100,1737,96,24,1241,53,Albany, GA
5,1,"Albany, GA",10.04742857142857,4120.0,16.414285714285715,64884,37,59234,13830,9365,7235,18004,9037,21217,948,20685,40100,1737,96,24,1241,53,Albany, GA
6,0,"Albuquerque, NM",6.598983372921624,1040140.0,16.33159144893113,319991,35,61589,42306,66219,56998,66455,25103,105387,8437,153880,9545,126499,13606,213,6795,1016,Albuquerque, NM
7,1,"Albuquerque, NM",6.331062499999998,37920.0,14.9,319991,35,61589,42306,66219,56998,66455,25103,105387,8437,153880,9545,126499,13606,213,6795,1016,Albuquerque, NM
8,0,"Alexandria, LA",13.515039800995032,155190.0,18.862686567164182,59184,38,57892,10955,7768,5315,21019,9059,16030,1856,23883,30783,1494,206,7,924,31,Alexandria, LA
9,1,"Alexandria, LA",12.72975,2900.0,17.975,59184,38,57892,10955,7768,5315,21019,9059,16030,1856,23883,30783,1494,206,7,924,31,Alexandria, LA
10,0,"Amarillo, TX",10.519027777777776,299770.0,20.11349206349206,196907,35,67009,26741,27313,13009,53208,35426,67945,7044,109181,13680,61803,643,145,4232,179,Amarillo, TX
11,1,"Amarillo, TX",6.5245999999999995,7380.0,12.05,196907,35,67009,26741,27313,13009,53208,35426,67945,7044,109181,13680,61803,643,145,4232,179,Amarillo, TX
12,0,"Ames, IA",14.40655865921788,112150.0,17.626256983240225,69189,22,35781,2342,19565,19574,13031,1540,13890,6813,55861,1683,2352,175,34,2257,14,Ames, IA
13,1,"Ames, IA",12.974700000000002,5650.0,25.19,69189,22,35781,2342,19565,19574,13031,1540,13890,6813,55861,1683,2352,175,34,2257,14,Ames, IA
14,0,"Anchorage, AK",7.9073641618497135,450130.0,17.73439306358381,867081,33,102234,47730,190701,109314,203442,57651,305823,80919,507582,46935,77619,60072,20823,71037,2094,Anchorage, AK
15,1,"Anchorage, AK",6.897937500000001,18150.0,14.69375,867081,33,102234,47730,190701,109314,203442,57651,305823,80919,507582,46935,77619,60072,20823,71037,2094,Anchorage, AK
16,0,"Ann Arbor, MI",8.392640127388534,549080.0,18.909872611464966,129170,29,74733,5607,38922,53784,10365,3802,22292,15555,94161,8860,4852,231,53,5265,193,Ann Arbor, MI
17,1,"Ann Arbor, MI",5.698687500000001,19000.0,13.0125,129170,29,74733,5607,38922,53784,10365,3802,22292,15555,94161,8860,4852,231,53,5265,193,Ann Arbor, MI
18,0,"Asheville, NC",8.20987610619469,512460.0,17.031858407079643,44784,44,65450,3655,9949,5578,11741,4414,13133,106,39421,1611,2914,85,49,579,19,Asheville, NC
19,1,"Asheville, NC",5.040692307692306,12070.0,18.361538461538462,44784,44,65450,3655,9949,5578,11741,4414,13133,106,39421,1611,2914,85,49,579,19,Asheville, NC
20,0,"Athens-Clarke County, GA",11.276108225108214,221000.0,16.436796536796543,88158,23,30401,13036,20237,22128,15144,7591,20859,5045,56200,18850,6190,61,6,1700,106,Athens-Clarke County, GA
21,1,"Athens-Clarke County, GA",5.01775,3390.0,16.3625,88158,23,30401,13036,20237,22128,15144,7591,20859,5045,56200,18850,6190,61,6,1700,106,Athens-Clarke County, GA
22,0,"Bakersfield, CA",7.774444444444444,854740.0,19.47777777777778,278522,30,55990,59395,32489,18287,76800,66120,84788,14323,86547,19133,151488,998,353,5316,364,Bakersfield, CA
23,1,"Bakersfield, CA",4.384799999999999,20080.0,15.833333333333334,278522,30,55990,59395,32489,18287,76800,66120,84788,14323,86547,19133,151488,998,353,5316,364,Bakersfield, CA
24,0,"Barnstable Town, MA",10.983869047619045,256080.0,19.024999999999995,25977,52,129847,981,6845,5037,5357,900,7826,73,24682,283,474,12,0,290,163,Barnstable Town, MA
25,1,"Barnstable Town, MA",7.164083333333333,7970.0,14.366666666666667,25977,52,129847,981,6845,5037,5357,900,7826,73,24682,283,474,12,0,290,163,Barnstable Town, MA
26,0,"Baton Rouge, LA",6.9763585858585815,1026420.0,19.38156565656566,145563,25,44470,27804,27561,20374,39324,19535,38809,5732,54682,77356,5429,295,15,1975,79,Baton Rouge, LA
27,1,"Baton Rouge, LA",5.933133333333334,33070.0,16.64666666666667,145563,25,44470,27804,27561,20374,39324,19535,38809,5732,54682,77356,5429,295,15,1975,79,Baton Rouge, LA
28,0,"Bay City, MI",18.975137681159435,79470.0,16.6427536231884,39388,43,60679,4529,5199,2638,13037,3978,14534,279,35738,538,1812,49,0,963,9,Bay City, MI
29,1,"Bay City, MI",10.046666666666667,1840.0,14.066666666666668,39388,43,60679,4529,5199,2638,13037,3978,14534,279,35738,538,1812,49,0,963,9,Bay City, MI
30,0,"Billings, MT",10.49228409090909,233110.0,18.187121212121216,94977,39,92247,5337,22426,9930,25452,5349,31859,642,84796,532,4236,2547,45,2143,36,Billings, MT
31,1,"Billings, MT",5.094692307692307,5590.0,19.47692307692308,94977,39,92247,5337,22426,9930,25452,5349,31859,642,84796,532,4236,2547,45,2143,36,Billings, MT
32,0,"Bismarck, ND",11.450757322175727,185940.0,19.743096234309636,62254,37,86660,2590,16660,6528,13518,3533,22009,671,56255,1214,1276,1739,39,1019,41,Bismarck, ND
33,1,"Bismarck, ND",8.621799999999999,5870.0,10.84,62254,37,86660,2590,16660,6528,13518,3533,22009,671,56255,1214,1276,1739,39,1019,41,Bismarck, ND
34,0,"Bloomington, IN",11.72951442307692,166060.0,20.635576923076933,33311,20,18097,4574,9883,10917,3906,1876,6746,3229,27395,630,1135,26,16,864,16,Bloomington, IN
35,1,"Bloomington, IN",10.464333333333332,8550.0,14.091666666666667,33311,20,18097,4574,9883,10917,3906,1876,6746,3229,27395,630,1135,26,16,864,16,Bloomington, IN
36,0,"Boise City, ID",7.1748549222797955,924670.0,19.58471502590672,36061,38,82602,5043,9275,4779,8065,2485,11461,742,29806,741,3269,233,3,1226,41,Boise City, ID
37,1,"Boise City, ID",7.781470588235296,44170.0,17.13529411764706,36061,38,82602,5043,9275,4779,8065,2485,11461,742,29806,741,3269,233,3,1226,41,Boise City, ID
38,0,"Boulder, CO",8.116656250000002,471150.0,16.6646875,6935,19,14543,0,0,5693,0,0,1241,789,5062,108,745,6,65,154,6,Boulder, CO
39,1,"Boulder, CO",12.063357142857143,30650.0,16.77857142857143,6935,19,14543,0,0,5693,0,0,1241,789,5062,108,745,6,65,154,6,Boulder, CO
40,0,"Bowling Green, KY",12.827230046948358,186040.0,20.007042253521128,25067,26,63377,2130,5329,4402,6431,1904,6994,1067,21302,1607,548,160,83,260,40,Bowling Green, KY
41,1,"Bowling Green, KY",7.314333333333334,4490.0,19.266666666666666,25067,26,63377,2130,5329,4402,6431,1904,6994,1067,21302,1607,548,160,83,260,40,Bowling Green, KY
42,0,"Carson City, NV",16.50983018867925,75970.0,16.038364779874204,36229,46,76639,3577,5280,3304,9856,4396,13387,920,24946,608,7805,817,59,1041,33,Carson City, NV
43,1,"Carson City, NV",13.845222222222224,3610.0,15.655555555555557,36229,46,76639,3577,5280,3304,9856,4396,13387,920,24946,608,7805,817,59,1041,33,Carson City, NV
44,0,"Cedar Rapids, IA",8.610831210191089,370900.0,18.616242038216562,27220,35,61551,3065,5215,1909,8627,1289,10202,584,23305,1611,872,19,0,822,7,Cedar Rapids, IA
45,1,"Cedar Rapids, IA",11.375866666666665,23420.0,11.486666666666668,27220,35,61551,3065,5215,1909,8627,1289,10202,584,23305,1611,872,19,0,822,7,Cedar Rapids, IA
46,0,"Charleston, WV",9.73922857142857,280530.0,19.11785714285714,10667,44,72156,1595,2142,2292,2664,678,2889,345,8401,1373,208,4,0,283,53,Charleston, WV
47,1,"Charleston, WV",7.428466666666665,11450.0,17.006666666666668,10667,44,72156,1595,2142,2292,2664,678,2889,345,8401,1373,208,4,0,283,53,Charleston, WV
48,0,"Charlottesville, VA",9.415251773049647,286280.0,19.47872340425533,24019,35,83806,2954,5500,5764,4779,2978,4995,772,16727,3362,2640,94,17,379,28,Charlottesville, VA
49,1,"Charlottesville, VA",6.006076923076923,8420.0,17.930769230769233,24019,35,83806,2954,5500,5764,4779,2978,4995,772,16727,3362,2640,94,17,379,28,Charlottesville, VA
50,0,"Chico, CA",11.68764377682403,200500.0,21.30214592274677,39032,27,67168,5854,9055,6010,6245,2185,15573,2317,28575,594,5909,128,57,1333,119,Chico, CA
51,1,"Chico, CA",6.425083333333334,5680.0,21.916666666666668,39032,27,67168,5854,9055,6010,6245,2185,15573,2317,28575,594,5909,128,57,1333,119,Chico, CA
52,0,"Colorado Springs, CO",7.28414594594594,749870.0,16.979729729729726,290742,33,89054,23265,72140,47506,54441,15292,101403,7056,212358,14077,42824,1194,554,11801,878,Colorado Springs, CO
53,1,"Colorado Springs, CO",9.49570588235294,44910.0,14.44705882352941,290742,33,89054,23265,72140,47506,54441,15292,101403,7056,212358,14077,42824,1194,554,11801,878,Colorado Springs, CO
54,0,"Columbia, MO",11.483255605381173,225790.0,19.341255605381164,48751,25,30435,4606,11396,5867,13287,3976,13917,1203,37133,6023,1951,21,11,2340,69,Columbia, MO
55,1,"Columbia, MO",6.987357142857143,8630.0,19.728571428571428,48751,25,30435,4606,11396,5867,13287,3976,13917,1203,37133,6023,1951,21,11,2340,69,Columbia, MO
56,0,"Columbia, SC",7.071659898477157,1039450.0,17.208883248730967,87749,24,46124,7118,25151,17376,13581,3631,27144,2633,40255,35867,6080,35,221,2442,216,Columbia, SC
57,1,"Columbia, SC",7.6307857142857145,39850.0,9.585714285714287,87749,24,46124,7118,25151,17376,13581,3631,27144,2633,40255,35867,6080,35,221,2442,216,Columbia, SC
58,0,"Columbus, OH",5.796395789473684,2826330.0,18.170736842105264,207313,29,45706,57136,39583,27508,56651,31408,52164,10250,109382,66382,9403,499,136,10679,582,Columbus, OH
59,1,"Columbus, OH",7.672500000000001,141780.0,13.694444444444445,207313,29,45706,57136,39583,27508,56651,31408,52164,10250,109382,66382,9403,499,136,10679,582,Columbus, OH
60,0,"Corpus Christi, TX",8.824189873417719,503140.0,20.232594936708857,283296,35,65857,33711,41670,23173,79304,46441,92605,6635,92833,11388,168890,616,220,2523,191,Corpus Christi, TX
61,1,"Corpus Christi, TX",5.332615384615385,12500.0,20.176923076923078,283296,35,65857,33711,41670,23173,79304,46441,92605,6635,92833,11388,168890,616,220,2523,191,Corpus Christi, TX
62,0,"Corvallis, OR",14.559377245508989,85150.0,18.13952095808384,24964,23,34155,2045,7803,6915,3001,1044,6198,2226,19475,305,1796,101,86,969,6,Corvallis, OR
63,1,"Corvallis, OR",13.458222222222224,4250.0,9.100000000000001,24964,23,34155,2045,7803,6915,3001,1044,6198,2226,19475,305,1796,101,86,969,6,Corvallis, OR
64,0,"Dalton, GA",14.667846560846556,166370.0,19.065608465608463,8328,43,91602,599,1082,541,2531,1340,2831,58,7361,100,639,0,0,149,21,Dalton, GA
65,1,"Dalton, GA",10.6355,3830.0,14.4,8328,43,91602,599,1082,541,2531,1340,2831,58,7361,100,639,0,0,149,21,Dalton, GA
66,0,"Danbury, CT",12.415727699530501,187610.0,19.281690140845072,32349,41,114772,1617,7019,5402,8540,2749,8604,2164,21676,2337,4337,37,0,593,1205,Danbury, CT
67,1,"Danbury, CT",4.685909090909091,3660.0,15.327272727272726,32349,41,114772,1617,7019,5402,8540,2749,8604,2164,21676,2337,4337,37,0,593,1205,Danbury, CT
68,0,"Dayton, OH",7.002930946291556,979320.0,18.725831202046034,42351,42,27719,13780,3809,2264,11851,8961,15471,136,18555,19154,3050,200,17,1197,42,Dayton, OH
69,1,"Dayton, OH",7.28115789473684,49460.0,15.168421052631581,42351,42,27719,13780,3809,2264,11851,8961,15471,136,18555,19154,3050,200,17,1197,42,Dayton, OH
70,0,"Decatur, IL",16.414477987421375,115630.0,22.2440251572327,1450,33,15801,1297,18,0,487,361,584,0,685,532,34,0,0,190,9,Decatur, IL
71,1,"Decatur, IL",12.735800000000001,2810.0,26.279999999999994,1450,33,15801,1297,18,0,487,361,584,0,685,532,34,0,0,190,9,Decatur, IL
72,0,"Dubuque, IA",12.707368421052616,149310.0,19.76267942583732,13497,44,93604,836,3090,1876,4224,526,3765,135,12993,7,161,3,6,192,0,Dubuque, IA
73,1,"Dubuque, IA",8.2505,5560.0,21.424999999999997,13497,44,93604,836,3090,1876,4224,526,3765,135,12993,7,161,3,6,192,0,Dubuque, IA
74,0,"El Paso, TX",7.871101123595496,849320.0,19.977247191011234,570697,33,56203,103920,90921,44472,138369,123099,173712,7009,78558,18135,459752,1519,442,4883,399,El Paso, TX
75,1,"El Paso, TX",4.582866666666666,20840.0,20.280000000000005,570697,33,56203,103920,90921,44472,138369,123099,173712,7009,78558,18135,459752,1519,442,4883,399,El Paso, TX
76,0,"Enid, OK",20.763351999999998,59620.0,18.248000000000005,300,24,-1,0,247,52,0,0,0,0,271,0,23,0,0,6,0,Enid, OK
77,1,"Enid, OK",15.7675,1460.0,26.275,300,24,-1,0,247,52,0,0,0,0,271,0,23,0,0,6,0,Enid, OK
78,0,"Erie, PA",9.970910394265244,317390.0,20.77956989247312,45003,33,25638,13182,5353,1757,19355,8954,9549,1493,26971,9526,4703,226,21,1844,219,Erie, PA
79,1,"Erie, PA",5.864538461538463,8680.0,28.299999999999997,45003,33,25638,13182,5353,1757,19355,8954,9549,1493,26971,9526,4703,226,21,1844,219,Erie, PA
80,0,"Eugene, OR",8.05017732558139,408950.0,16.740406976744197,128338,34,61031,14477,26069,15127,27168,10400,49653,4750,100156,2426,13436,984,386,5799,401,Eugene, OR
81,1,"Eugene, OR",6.755599999999999,14960.0,18.906666666666663,128338,34,61031,14477,26069,15127,27168,10400,49653,4750,100156,2426,13436,984,386,5799,401,Eugene, OR
82,0,"Fairbanks, AK",16.067390243902455,81430.0,16.44573170731707,25245,22,74399,1311,5049,1512,4746,579,13377,1257,14322,2655,4980,168,294,1227,342,Fairbanks, AK
83,1,"Fairbanks, AK",10.889624999999999,2680.0,18.225,25245,22,74399,1311,5049,1512,4746,579,13377,1257,14322,2655,4980,168,294,1227,342,Fairbanks, AK
84,0,"Fayetteville, NC",10.225833333333334,338680.0,16.90592592592593,152844,32,47208,24952,26545,14174,35820,13213,63118,4039,56754,66743,16779,804,367,7111,247,Fayetteville, NC
85,1,"Fayetteville, NC",5.870923076923078,9370.0,15.092307692307694,152844,32,47208,24952,26545,14174,35820,13213,63118,4039,56754,66743,16779,804,367,7111,247,Fayetteville, NC
86,0,"Flagstaff, AZ",12.88098492462311,145940.0,17.623115577889433,16942,19,9855,0,1456,3794,0,0,11688,702,10894,994,3274,236,134,708,0,Flagstaff, AZ
87,1,"Flagstaff, AZ",8.898555555555554,4570.0,11.98888888888889,16942,19,9855,0,1456,3794,0,0,11688,702,10894,994,3274,236,134,708,0,Flagstaff, AZ
88,0,"Flint, MI",11.06730081300813,330780.0,19.66666666666667,78085,34,43934,21153,8819,5135,25738,9520,28810,663,44088,27429,2530,239,12,2971,153,Flint, MI
89,1,"Flint, MI",5.2105,7610.0,24.149999999999995,78085,34,43934,21153,8819,5135,25738,9520,28810,663,44088,27429,2530,239,12,2971,153,Flint, MI
90,0,"Florence, SC",12.535650000000008,231120.0,16.568636363636358,80426,39,70084,8491,14292,8194,24120,9540,24302,1475,48018,27413,2030,98,68,1248,76,Florence, SC
91,1,"Florence, SC",7.0235,5870.0,15.719999999999999,80426,39,70084,8491,14292,8194,24120,9540,24302,1475,48018,27413,2030,98,68,1248,76,Florence, SC
92,0,"Fort Collins, CO",8.463710280373835,423960.0,17.37570093457944,36768,23,63407,3162,11361,7941,5625,1507,10295,1177,29681,706,4036,171,71,911,15,Fort Collins, CO
93,1,"Fort Collins, CO",4.656187500000001,11600.0,19.5,36768,23,63407,3162,11361,7941,5625,1507,10295,1177,29681,706,4036,171,71,911,15,Fort Collins, CO
94,0,"Fort Wayne, IN",7.684365650969531,570250.0,17.36869806094184,191833,35,67955,20900,38546,21334,52226,17358,62346,7168,149088,15515,12441,346,95,6704,476,Fort Wayne, IN
95,1,"Fort Wayne, IN",5.205941176470588,18200.0,12.435294117647059,191833,35,67955,20900,38546,21334,52226,17358,62346,7168,149088,15515,12441,346,95,6704,476,Fort Wayne, IN
96,0,"Fresno, CA",7.147116751269044,1059360.0,19.400000000000006,210235,31,58791,53845,25362,12223,48194,57841,66674,26432,53395,14712,109961,912,248,4116,459,Fresno, CA
97,1,"Fresno, CA",3.8113125,22940.0,15.8875,210235,31,58791,53845,25362,12223,48194,57841,66674,26432,53395,14712,109961,912,248,4116,459,Fresno, CA
98,0,"Gainesville, FL",8.827566225165569,365100.0,17.273178807947026,174849,28,53378,25318,39011,46038,31323,10760,47677,13069,104411,33190,18376,532,145,4515,611,Gainesville, FL
99,1,"Gainesville, FL",6.840733333333334,14080.0,13.853333333333333,174849,28,53378,25318,39011,46038,31323,10760,47677,13069,104411,33190,18376,532,145,4515,611,Gainesville, FL
100,0,"Gainesville, GA",11.912200000000004,238310.0,18.938222222222223,72663,36,75646,10433,12481,7359,18685,14257,19819,649,49814,4675,16634,29,0,821,41,Gainesville, GA
101,1,"Gainesville, GA",1.62,1150.0,19.05,72663,36,75646,10433,12481,7359,18685,14257,19819,649,49814,4675,16634,29,0,821,41,Gainesville, GA
102,0,"Grand Island, NE",14.705407821229056,102480.0,17.824022346368714,54650,35,68254,6423,7212,3223,17100,9240,17870,702,36072,1330,15517,183,141,560,145,Grand Island, NE
103,1,"Grand Island, NE",6.969111111111112,2440.0,23.188888888888886,54650,35,68254,6423,7212,3223,17100,9240,17870,702,36072,1330,15517,183,141,560,145,Grand Island, NE
104,0,"Grand Junction, CO",12.45109502262443,162220.0,17.063348416289596,36353,40,60777,6055,7792,4013,8541,4063,11941,321,27686,342,6655,279,82,984,4,Grand Junction, CO
105,1,"Grand Junction, CO",5.803444444444445,3080.0,15.622222222222222,36353,40,60777,6055,7792,4013,8541,4063,11941,321,27686,342,6655,279,82,984,4,Grand Junction, CO
106,0,"Hammond, LA",16.321808383233535,114620.0,18.83892215568862,1917,19,-1,0,0,0,0,0,1917,29,1207,617,30,6,0,28,0,Hammond, LA
107,1,"Hammond, LA",11.4955,1930.0,17.75,1917,19,-1,0,0,0,0,0,1917,29,1207,617,30,6,0,28,0,Hammond, LA
108,0,"Harrisonburg, VA",12.660961352657003,161910.0,17.73768115942029,33109,26,32342,3287,4840,3854,9263,5050,6872,723,22955,1986,6304,52,29,988,72,Harrisonburg, VA
109,1,"Harrisonburg, VA",5.393666666666667,4010.0,20.741666666666667,33109,26,32342,3287,4840,3854,9263,5050,6872,723,22955,1986,6304,52,29,988,72,Harrisonburg, VA
110,0,"Hattiesburg, MS",14.572713513513516,164150.0,21.929189189189188,1943,19,-1,0,1445,497,0,0,0,73,967,857,32,0,0,14,0,Hattiesburg, MS
111,1,"Hattiesburg, MS",9.495714285714286,4040.0,24.685714285714287,1943,19,-1,0,1445,497,0,0,0,73,967,857,32,0,0,14,0,Hattiesburg, MS
112,0,"Huntsville, AL",7.8658259587020565,615410.0,17.684070796460187,354582,37,79072,36945,104028,67320,58059,24171,101004,11403,246909,74364,11091,909,93,9000,813,Huntsville, AL
113,1,"Huntsville, AL",9.181,33900.0,14.49375,354582,37,79072,36945,104028,67320,58059,24171,101004,11403,246909,74364,11091,909,93,9000,813,Huntsville, AL
114,0,"Idaho Falls, ID",11.982563876651971,187110.0,20.985903083700432,24521,34,68199,2991,4438,2035,6939,2672,8459,225,19647,115,4145,89,61,239,0,Idaho Falls, ID
115,1,"Idaho Falls, ID",10.06788888888889,6230.0,15.222222222222221,24521,34,68199,2991,4438,2035,6939,2672,8459,225,19647,115,4145,89,61,239,0,Idaho Falls, ID
116,0,"Iowa City, IA",10.316932,222890.0,18.30120000000001,26348,22,42223,1185,8297,8124,3592,1117,5215,1064,22355,708,1257,37,133,720,74,Iowa City, IA
117,1,"Iowa City, IA",8.880166666666666,9200.0,12.825000000000001,26348,22,42223,1185,8297,8124,3592,1117,5215,1064,22355,708,1257,37,133,720,74,Iowa City, IA
118,0,"Jackson, MI",14.662211428571435,119150.0,23.241142857142854,19690,37,43551,4115,1929,511,7147,2736,7364,238,15759,2044,1015,52,0,582,0,Jackson, MI
119,1,"Jackson, MI",10.001125,3720.0,24.1875,19690,37,43551,4115,1929,511,7147,2736,7364,238,15759,2044,1015,52,0,582,0,Jackson, MI
120,0,"Jackson, MS",7.738902777777765,700930.0,18.30055555555554,89147,29,50904,16905,17538,13135,20135,11477,25594,611,23579,62955,1311,81,59,546,5,Jackson, MS
121,1,"Jackson, MS",6.430785714285713,22660.0,18.728571428571428,89147,29,50904,16905,17538,13135,20135,11477,25594,611,23579,62955,1311,81,59,546,5,Jackson, MS
122,0,"Jackson, TN",12.544281105990786,173680.0,20.354377880184327,52743,37,73257,5643,11919,6592,14926,3797,15506,805,31719,16223,2918,14,0,1004,60,Jackson, TN
123,1,"Jackson, TN",6.2796,4000.0,23.18,52743,37,73257,5643,11919,6592,14926,3797,15506,805,31719,16223,2918,14,0,1004,60,Jackson, TN
124,0,"Jacksonville, FL",6.327255079006775,1915880.0,19.394356659142193,835581,34,63748,106638,158000,71966,235900,92449,277370,40219,430995,261670,76148,1259,818,22420,2052,Jacksonville, FL
125,1,"Jacksonville, FL",6.657062499999999,72810.0,18.887500000000003,835581,34,63748,106638,158000,71966,235900,92449,277370,40219,430995,261670,76148,1259,818,22420,2052,Jacksonville, FL
126,0,"Jacksonville, NC",14.61632804232804,125760.0,17.931746031746027,5144,21,41906,550,524,0,1491,324,2803,53,3073,645,983,138,12,240,0,Jacksonville, NC
127,1,"Jacksonville, NC",11.472,2600.0,12.760000000000002,5144,21,41906,550,524,0,1491,324,2803,53,3073,645,983,138,12,240,0,Jacksonville, NC
128,0,"Johnson City, TN",11.595896995708152,203070.0,17.61502145922746,37189,28,30781,5323,8108,5937,9307,2855,10978,919,30863,2661,1624,98,7,1017,0,Johnson City, TN
129,1,"Johnson City, TN",6.179,6020.0,18.16153846153846,37189,28,30781,5323,8108,5937,9307,2855,10978,919,30863,2661,1624,98,7,1017,0,Johnson City, TN
130,0,"Johnstown, PA",14.819333333333326,126900.0,19.462295081967223,3428,53,22661,1258,233,143,1600,737,713,24,2528,642,94,2,0,132,6,Johnstown, PA
131,1,"Johnstown, PA",7.002666666666666,2950.0,18.54444444444444,3428,53,22661,1258,233,143,1600,737,713,24,2528,642,94,2,0,132,6,Johnstown, PA
132,0,"Jonesboro, AR",13.689055276381904,149550.0,20.66834170854272,26824,26,42287,1274,6105,4034,6875,1645,7883,551,21386,3243,682,41,0,921,0,Jonesboro, AR
133,1,"Jonesboro, AR",10.169714285714289,3900.0,21.342857142857145,26824,26,42287,1274,6105,4034,6875,1645,7883,551,21386,3243,682,41,0,921,0,Jonesboro, AR
134,0,"Knoxville, TN",6.284843181818176,1041140.0,19.628636363636364,334644,35,65962,44583,73010,48868,86294,31631,94781,7107,268846,34379,15293,845,124,7380,670,Knoxville, TN
135,1,"Knoxville, TN",7.4155,44680.0,15.068750000000001,334644,35,65962,44583,73010,48868,86294,31631,94781,7107,268846,34379,15293,845,124,7380,670,Knoxville, TN
136,0,"Kokomo, IN",17.15003053435115,81520.0,21.05190839694656,75675,40,59338,10746,9310,5197,28385,9319,23499,1036,64241,5780,2452,250,21,1751,144,Kokomo, IN
137,1,"Kokomo, IN",17.4695,1260.0,6.050000000000001,75675,40,59338,10746,9310,5197,28385,9319,23499,1036,64241,5780,2452,250,21,1751,144,Kokomo, IN
138,0,"Lafayette, LA",8.87853846153846,524050.0,21.300320512820516,63226,34,73533,9670,13899,6745,17256,10411,14973,1284,32548,26729,1583,120,0,910,52,Lafayette, LA
139,1,"Lafayette, LA",5.4727500000000004,12420.0,17.508333333333333,63226,34,73533,9670,13899,6745,17256,10411,14973,1284,32548,26729,1583,120,0,910,52,Lafayette, LA
140,0,"Lake Charles, LA",11.070111111111112,274020.0,19.49341563786007,72693,34,51332,15437,8788,3670,23753,13783,22645,609,29106,38039,2737,197,0,1786,219,Lake Charles, LA
141,1,"Lake Charles, LA",1.652,1180.0,25.1,72693,34,51332,15437,8788,3670,23753,13783,22645,609,29106,38039,2737,197,0,1786,219,Lake Charles, LA
142,0,"Laredo, TX",13.446328502415458,276160.0,21.056521739130442,88995,31,47797,29307,8925,4597,23688,33900,17927,494,2543,209,85549,57,0,71,72,Laredo, TX
143,1,"Laredo, TX",6.761499999999999,5370.0,16.849999999999998,88995,31,47797,29307,8925,4597,23688,33900,17927,494,2543,209,85549,57,0,71,72,Laredo, TX
144,0,"Las Cruces, NM",11.580910638297864,186770.0,17.934468085106378,30310,37,82608,3273,7729,7486,5031,1515,8547,871,15307,1094,12113,190,16,667,52,Las Cruces, NM
145,1,"Las Cruces, NM",7.1045833333333315,5850.0,13.858333333333334,30310,37,82608,3273,7729,7486,5031,1515,8547,871,15307,1094,12113,190,16,667,52,Las Cruces, NM
146,0,"Lawrence, KS",14.215491891891878,117590.0,17.210270270270275,99849,27,56276,9201,27386,24894,16428,4632,26529,5510,77454,4213,6337,2291,6,3892,146,Lawrence, KS
147,1,"Lawrence, KS",9.557100000000002,4270.0,17.47,99849,27,56276,9201,27386,24894,16428,4632,26529,5510,77454,4213,6337,2291,6,3892,146,Lawrence, KS
148,0,"Lawton, OK",14.60863636363638,105360.0,18.953409090909087,69568,34,56077,9084,8371,5617,22891,7978,24636,1776,35803,14016,9334,3205,212,5154,68,Lawton, OK
149,1,"Lawton, OK",10.513875,3440.0,21.4625,69568,34,56077,9084,8371,5617,22891,7978,24636,1776,35803,14016,9334,3205,212,5154,68,Lawton, OK
150,0,"Lexington-Fayette, KY",7.651085635359116,715530.0,18.128176795580107,316124,34,78831,42073,75372,55978,64808,31027,88932,11208,226860,45235,22089,686,157,8854,1035,Lexington-Fayette, KY
151,1,"Lexington-Fayette, KY",6.096937499999999,25200.0,17.23125,316124,34,78831,42073,75372,55978,64808,31027,88932,11208,226860,45235,22089,686,157,8854,1035,Lexington-Fayette, KY
152,0,"Lima, OH",13.920520618556695,124550.0,19.621649484536082,23186,36,51233,3524,1738,1182,8671,3408,8184,200,17411,3777,730,94,0,914,60,Lima, OH
153,1,"Lima, OH",7.26675,2680.0,19.1375,23186,36,51233,3524,1738,1182,8671,3408,8184,200,17411,3777,730,94,0,914,60,Lima, OH
154,0,"Lincoln, NE",8.076654867256632,476750.0,17.06017699115044,269025,35,85750,29765,64888,37104,58516,19284,89205,12029,218243,10928,19181,1128,182,7096,238,Lincoln, NE
155,1,"Lincoln, NE",8.3463125,23230.0,17.425,269025,35,85750,29765,64888,37104,58516,19284,89205,12029,218243,10928,19181,1128,182,7096,238,Lincoln, NE
156,0,"Longview, TX",10.909700000000006,252900.0,19.766000000000012,38422,34,58389,7118,3663,1870,11424,8809,12656,304,16604,11262,9574,80,0,547,51,Longview, TX
157,1,"Longview, TX",6.171545454545453,6300.0,17.009090909090908,38422,34,58389,7118,3663,1870,11424,8809,12656,304,16604,11262,9574,80,0,547,51,Longview, TX
158,0,"Lubbock, TX",8.84184394904459,390420.0,19.59681528662421,206860,28,55579,21588,44977,24984,47262,23781,65750,4384,122412,10334,64825,743,145,3840,177,Lubbock, TX
159,1,"Lubbock, TX",3.0824999999999996,5220.0,11.625,206860,28,55579,21588,44977,24984,47262,23781,65750,4384,122412,10334,64825,743,145,3840,177,Lubbock, TX
160,0,"Madison, WI",6.348543325526932,1036650.0,16.543325526932087,57750,22,53107,3925,20836,19503,4486,2288,10633,5009,46372,1713,3039,102,21,1471,23,Madison, WI
161,1,"Madison, WI",10.444647058823527,67900.0,14.988235294117645,57750,22,53107,3925,20836,19503,4486,2288,10633,5009,46372,1713,3039,102,21,1471,23,Madison, WI
162,0,"Manchester, NH",9.540653571428562,290330.0,17.75321428571429,13394,40,76082,731,2805,1381,3965,939,4301,288,11764,532,535,12,0,212,51,Manchester, NH
163,1,"Manchester, NH",4.774071428571429,7270.0,18.078571428571433,13394,40,76082,731,2805,1381,3965,939,4301,288,11764,532,535,12,0,212,51,Manchester, NH
164,0,"Manhattan, KS",15.07243428571427,96660.0,18.158285714285725,3478,19,-1,0,0,580,0,0,2897,201,2829,117,167,5,13,146,0,Manhattan, KS
165,1,"Manhattan, KS",9.218599999999999,3360.0,9.069999999999999,3478,19,-1,0,0,580,0,0,2897,201,2829,117,167,5,13,146,0,Manhattan, KS
166,0,"Mansfield, OH",14.607010752688167,124210.0,19.54677419354838,36023,37,32817,5525,3294,1054,15414,5963,10274,87,27318,5565,860,68,0,2084,41,Mansfield, OH
167,1,"Mansfield, OH",5.9991111111111115,2450.0,23.511111111111113,36023,37,32817,5525,3294,1054,15414,5963,10274,87,27318,5565,860,68,0,2084,41,Mansfield, OH
168,0,"Midland, MI",22.419118181818174,76470.0,20.91363636363635,33337,40,76345,3000,7267,4500,9267,2166,10134,636,30445,657,955,117,28,499,0,Midland, MI
169,1,"Midland, MI",11.045,680.0,6.550000000000001,33337,40,76345,3000,7267,4500,9267,2166,10134,636,30445,657,955,117,28,499,0,Midland, MI
170,0,"Midland, TX",11.402899159663871,269760.0,20.685714285714294,92216,31,92487,8152,15610,5904,23573,19007,28080,1241,36364,7117,46267,201,0,971,55,Midland, TX
171,1,"Midland, TX",1.225,990.0,21.150000000000002,92216,31,92487,8152,15610,5904,23573,19007,28080,1241,36364,7117,46267,201,0,971,55,Midland, TX
172,0,"Missoula, MT",11.802726086956527,160480.0,18.22695652173913,49385,33,69672,5285,14341,9752,8163,1986,15169,920,44086,274,1614,944,0,1511,36,Missoula, MT
173,1,"Missoula, MT",7.319499999999999,5210.0,12.824999999999998,49385,33,69672,5285,14341,9752,8163,1986,15169,920,44086,274,1614,944,0,1511,36,Missoula, MT
174,0,"Mobile, AL",8.984250000000007,463690.0,19.05493421052631,610647,36,53808,97404,123438,70041,165465,61500,189501,12441,329868,237228,19032,672,15,10227,1164,Mobile, AL
175,1,"Mobile, AL",6.490076923076923,14320.0,18.384615384615383,610647,36,53808,97404,123438,70041,165465,61500,189501,12441,329868,237228,19032,672,15,10227,1164,Mobile, AL
176,0,"Modesto, CA",8.874000000000004,500250.0,20.75382165605095,111230,37,70796,12922,16000,7822,29724,14797,42876,8105,59827,4442,33758,671,1016,3104,307,Modesto, CA
177,1,"Modesto, CA",5.2709166666666665,11370.0,19.833333333333332,111230,37,70796,12922,16000,7822,29724,14797,42876,8105,59827,4442,33758,671,1016,3104,307,Modesto, CA
178,0,"Monroe, LA",12.57856038647343,187920.0,19.02415458937199,21515,29,40641,2517,6166,3627,4245,1770,5705,226,13117,7381,522,65,0,204,0,Monroe, LA
179,1,"Monroe, LA",5.5537,4010.0,19.33,21515,29,40641,2517,6166,3627,4245,1770,5705,226,13117,7381,522,65,0,204,0,Monroe, LA
180,0,"Montgomery, AL",8.995281045751627,426960.0,17.86045751633987,347487,35,55138,71727,52194,36693,101985,64944,91743,3705,123216,202632,12405,306,27,4827,369,Montgomery, AL
181,1,"Montgomery, AL",7.947857142857144,17260.0,11.535714285714286,347487,35,55138,71727,52194,36693,101985,64944,91743,3705,123216,202632,12405,306,27,4827,369,Montgomery, AL
182,0,"Morristown, TN",15.249556818181823,117230.0,19.027272727272727,37978,41,57853,4950,4491,2695,14692,6899,9229,526,30623,1436,4530,45,10,808,0,Morristown, TN
183,1,"Morristown, TN",9.5114,2080.0,25.46,37978,41,57853,4950,4491,2695,14692,6899,9229,526,30623,1436,4530,45,10,808,0,Morristown, TN
184,0,"Muncie, IN",15.397145454545454,110730.0,19.36787878787879,8665,28,16461,6379,305,407,6285,687,982,82,6960,925,455,15,8,185,35,Muncie, IN
185,1,"Muncie, IN",10.81322222222222,4240.0,21.45555555555556,8665,28,16461,6379,305,407,6285,687,982,82,6960,925,455,15,8,185,35,Muncie, IN
186,0,"Muskegon, MI",15.451609756097561,138140.0,20.068292682926813,861,45,29466,334,105,92,139,161,360,0,593,126,9,34,0,99,0,Muskegon, MI
187,1,"Muskegon, MI",7.294571428571429,2790.0,20.642857142857142,861,45,29466,334,105,92,139,161,360,0,593,126,9,34,0,99,0,Muskegon, MI
188,0,"Napa, CA",12.495294930875565,187480.0,20.062672811059905,28089,37,95743,1713,6011,2752,6207,4297,8848,508,14883,328,11471,75,68,699,57,Napa, CA
189,1,"Napa, CA",2.3267142857142855,1120.0,18.457142857142856,28089,37,95743,1713,6011,2752,6207,4297,8848,508,14883,328,11471,75,68,699,57,Napa, CA
190,0,"New Bedford, MA",14.41739037433155,160250.0,20.54171122994652,51115,36,53012,10204,5298,2437,17403,14230,11712,495,34633,2008,11184,10,0,872,1913,New Bedford, MA
191,1,"New Bedford, MA",9.524,4530.0,22.575,51115,36,53012,10204,5298,2437,17403,14230,11712,495,34633,2008,11184,10,0,872,1913,New Bedford, MA
192,0,"New Haven, CT",7.852052325581393,728610.0,19.197965116279082,37855,30,70651,9475,5906,7078,11175,6270,7416,1187,11230,13413,10563,171,0,1097,194,New Haven, CT
193,1,"New Haven, CT",2.780533333333334,11260.0,14.82666666666667,37855,30,70651,9475,5906,7078,11175,6270,7416,1187,11230,13413,10563,171,0,1097,194,New Haven, CT
194,0,"Ocala, FL",11.143346938775517,280990.0,20.031428571428567,149170,44,57141,22027,19903,11570,52403,19421,45820,2400,104547,21222,17511,227,135,3025,103,Ocala, FL
195,1,"Ocala, FL",5.0321,5190.0,14.55,149170,44,57141,22027,19903,11570,52403,19421,45820,2400,104547,21222,17511,227,135,3025,103,Ocala, FL
196,0,"Ocean City, NJ",19.462260869565224,93580.0,20.74710144927536,11328,53,99427,487,3534,1971,2548,657,2605,207,9697,296,922,9,0,197,0,Ocean City, NJ
197,1,"Ocean City, NJ",15.537,1620.0,10.266666666666666,11328,53,99427,487,3534,1971,2548,657,2605,207,9697,296,922,9,0,197,0,Ocean City, NJ
198,0,"Odessa, TX",13.44601477832513,201160.0,20.857635467980284,84455,29,82504,6969,10772,4350,24040,18447,26822,760,32010,4243,45759,170,0,1434,79,Odessa, TX
199,1,"Odessa, TX",8.269875,4880.0,24.2875,84455,29,82504,6969,10772,4350,24040,18447,26822,760,32010,4243,45759,170,0,1434,79,Odessa, TX
200,0,"Oklahoma City, OK",6.020686147186148,1699490.0,17.699134199134203,321923,34,75671,54280,51466,26586,86374,65543,91937,14063,153485,47013,82091,7804,181,16939,347,Oklahoma City, OK
201,1,"Oklahoma City, OK",5.984388888888887,65820.0,10.872222222222222,321923,34,75671,54280,51466,26586,86374,65543,91937,14063,153485,47013,82091,7804,181,16939,347,Oklahoma City, OK
202,0,"Owensboro, KY",14.812796610169498,124670.0,21.18418079096045,83973,38,63691,10999,11278,7302,28708,9626,27012,1249,73306,4314,2666,162,0,2112,164,Owensboro, KY
203,1,"Owensboro, KY",9.665428571428572,3210.0,27.085714285714285,83973,38,63691,10999,11278,7302,28708,9626,27012,1249,73306,4314,2666,162,0,2112,164,Owensboro, KY
204,0,"Peoria, IL",8.63997394136808,419390.0,19.42410423452769,28990,30,50400,5981,4368,3480,7654,4526,8951,787,15966,8102,2465,37,9,1433,191,Peoria, IL
205,1,"Peoria, IL",8.56607142857143,18960.0,16.90714285714286,28990,30,50400,5981,4368,3480,7654,4526,8951,787,15966,8102,2465,37,9,1433,191,Peoria, IL
206,0,"Pine Bluff, AR",19.080521739130432,74080.0,17.519565217391303,29846,29,38231,7758,3342,1850,10504,4894,9282,100,2656,26614,342,116,0,18,0,Pine Bluff, AR
207,1,"Pine Bluff, AR",19.232333333333333,1630.0,12.0,29846,29,38231,7758,3342,1850,10504,4894,9282,100,2656,26614,342,116,0,18,0,Pine Bluff, AR
208,0,"Pittsburgh, PA",5.498583333333333,2959940.0,19.14523809523807,167363,30,74715,24213,43637,47070,33426,10609,32612,13406,110386,33471,5031,220,10,4363,476,Pittsburgh, PA
209,1,"Pittsburgh, PA",4.014500000000002,77180.0,13.866666666666665,167363,30,74715,24213,43637,47070,33426,10609,32612,13406,110386,33471,5031,220,10,4363,476,Pittsburgh, PA
210,0,"Pocatello, ID",16.565432098765452,90140.0,20.09876543209877,1171,20,13914,966,173,221,0,83,693,78,775,64,151,4,0,99,0,Pocatello, ID
211,1,"Pocatello, ID",10.022874999999999,2700.0,10.387500000000001,1171,20,13914,966,173,221,0,83,693,78,775,64,151,4,0,99,0,Pocatello, ID
212,0,"Port St. Lucie, FL",9.896698581560285,408310.0,20.587234042553185,116572,44,73614,11149,17048,8408,35806,15349,40012,2944,64344,21803,24616,158,0,2622,85,Port St. Lucie, FL
213,1,"Port St. Lucie, FL",5.063076923076924,9630.0,24.03076923076923,116572,44,73614,11149,17048,8408,35806,15349,40012,2944,64344,21803,24616,158,0,2622,85,Port St. Lucie, FL
214,0,"Prescott, AZ",12.682801843317973,171260.0,18.696313364055296,44744,52,30254,4162,8530,7130,7944,3006,18124,798,38446,168,3832,356,0,1144,0,Prescott, AZ
215,1,"Prescott, AZ",7.606666666666666,4260.0,18.977777777777774,44744,52,30254,4162,8530,7130,7944,3006,18124,798,38446,168,3832,356,0,1144,0,Prescott, AZ
216,0,"Pueblo, CO",12.838175355450245,161150.0,15.947393364928907,77166,37,49025,14374,9084,5697,22751,10793,28802,529,33700,1543,39439,430,104,1312,109,Pueblo, CO
217,1,"Pueblo, CO",5.581300000000001,3320.0,19.830000000000002,77166,37,49025,14374,9084,5697,22751,10793,28802,529,33700,1543,39439,430,104,1312,109,Pueblo, CO
218,0,"Raleigh, NC",6.336433255269321,1680890.0,17.237939110070258,235986,36,100650,16120,84711,48049,31255,14778,57266,8105,152633,47210,22265,610,156,4480,527,Raleigh, NC
219,1,"Raleigh, NC",7.959133333333332,74170.0,11.026666666666667,235986,36,100650,16120,84711,48049,31255,14778,57266,8105,152633,47210,22265,610,156,4480,527,Raleigh, NC
220,0,"Redding, CA",12.039221238938055,174630.0,21.230973451327433,33697,38,66258,4178,4953,2358,8289,2999,15096,1816,25237,537,3624,734,0,1726,23,Redding, CA
221,1,"Redding, CA",8.438625,4330.0,21.487499999999997,33697,38,66258,4178,4953,2358,8289,2999,15096,1816,25237,537,3624,734,0,1726,23,Redding, CA
222,0,"Reno, NV",7.740354929577468,620130.0,18.28056338028168,105114,42,91939,6711,26026,18135,18553,7314,35037,6272,78539,1875,13413,713,819,3347,136,Reno, NV
223,1,"Reno, NV",6.538714285714285,20660.0,13.55714285714286,105114,42,91939,6711,26026,18135,18553,7314,35037,6272,78539,1875,13413,713,819,3347,136,Reno, NV
224,0,"Richmond, VA",6.218471783295711,1724120.0,18.509480812641076,92967,30,67778,18928,22737,13979,21262,13014,21890,2665,39741,39533,7813,150,26,2769,270,Richmond, VA
225,1,"Richmond, VA",4.575187500000001,45810.0,17.625,92967,30,67778,18928,22737,13979,21262,13014,21890,2665,39741,39533,7813,150,26,2769,270,Richmond, VA
226,0,"Roanoke, VA",8.640197530864198,404250.0,18.504012345679016,33030,35,72651,7452,3324,2053,11995,6268,9414,509,11268,18649,1210,73,171,1068,82,Roanoke, VA
227,1,"Roanoke, VA",5.216714285714285,10570.0,19.971428571428568,33030,35,72651,7452,3324,2053,11995,6268,9414,509,11268,18649,1210,73,171,1068,82,Roanoke, VA
228,0,"Rochester, MN",10.33411158798284,276830.0,21.840772532188826,124260,37,100515,7467,30898,25270,24059,7139,36885,8587,96886,8263,6692,225,20,3399,188,Rochester, MN
229,1,"Rochester, MN",5.397153846153846,8070.0,30.969230769230766,124260,37,100515,7467,30898,25270,24059,7139,36885,8587,96886,8263,6692,225,20,3399,188,Rochester, MN
230,0,"Rochester, NY",6.274908466819213,1303870.0,16.573455377574373,92786,29,39612,28878,13587,7795,25759,18059,27564,3354,29778,43424,13011,194,11,2770,244,Rochester, NY
231,1,"Rochester, NY",6.602333333333335,56520.0,12.649999999999999,92786,29,39612,28878,13587,7795,25759,18059,27564,3354,29778,43424,13011,194,11,2770,244,Rochester, NY
232,0,"Rockford, IL",9.899469750889686,374340.0,19.95978647686832,57991,33,44036,16152,3737,1871,20482,14354,17557,1467,22942,18317,13658,48,5,1504,50,Rockford, IL
233,1,"Rockford, IL",5.872866666666668,11850.0,18.513333333333332,57991,33,44036,16152,3737,1871,20482,14354,17557,1467,22942,18317,13658,48,5,1504,50,Rockford, IL
234,0,"Rocky Mount, NC",13.812446700507612,143680.0,17.725380710659895,20279,38,41707,5962,1358,851,7868,4096,6083,13,4527,15061,190,9,28,423,28,Rocky Mount, NC
235,1,"Rocky Mount, NC",8.8592,2350.0,21.5,20279,38,41707,5962,1358,851,7868,4096,6083,13,4527,15061,190,9,28,423,28,Rocky Mount, NC
236,0,"Rome, GA",15.506696202531643,89940.0,18.99620253164557,1876,20,87422,0,1016,808,0,26,26,21,1545,221,67,0,0,22,0,Rome, GA
237,1,"Rome, GA",3.151857142857143,800.0,23.442857142857143,1876,20,87422,0,1016,808,0,26,26,21,1545,221,67,0,0,22,0,Rome, GA
238,0,"Saginaw, MI",12.79834123222749,204600.0,20.70710900473933,43992,42,46401,8026,5418,3271,14075,5863,15401,502,26587,8994,6132,196,12,1502,67,Saginaw, MI
239,1,"Saginaw, MI",3.3696000000000006,2550.0,27.669999999999995,43992,42,46401,8026,5418,3271,14075,5863,15401,502,26587,8994,6132,196,12,1502,67,Saginaw, MI
240,0,"Salem, OR",7.992163793103448,464400.0,17.40574712643679,38493,40,76672,3117,9199,5773,7621,2232,13665,1031,31221,450,4162,186,252,1122,69,Salem, OR
241,1,"Salem, OR",6.391666666666667,16020.0,10.506666666666666,38493,40,76672,3117,9199,5773,7621,2232,13665,1031,31221,450,4162,186,252,1122,69,Salem, OR
242,0,"Salinas, CA",9.401700680272103,474040.0,22.345238095238102,88875,31,65783,16274,6724,2821,18550,43523,17252,2764,12007,505,72769,58,16,727,29,Salinas, CA
243,1,"Salinas, CA",5.014083333333334,10310.0,15.133333333333333,88875,31,65783,16274,6724,2821,18550,43523,17252,2764,12007,505,72769,58,16,727,29,Salinas, CA
244,0,"Salt Lake City, UT",5.664298538622128,1966890.0,16.60250521920668,80851,30,63585,7537,24727,20535,10981,4055,20509,4056,64180,1444,7543,1058,211,2035,324,Salt Lake City, UT
245,1,"Salt Lake City, UT",9.846166666666667,128460.0,11.700000000000001,80851,30,63585,7537,24727,20535,10981,4055,20509,4056,64180,1444,7543,1058,211,2035,324,Salt Lake City, UT
246,0,"San Angelo, TX",14.043333333333344,122610.0,21.010582010582013,82712,30,52120,7544,14882,6018,23163,12889,25771,902,42702,3719,34142,140,45,975,87,San Angelo, TX
247,1,"San Angelo, TX",7.5551,3500.0,16.729999999999997,82712,30,52120,7544,14882,6018,23163,12889,25771,902,42702,3719,34142,140,45,975,87,San Angelo, TX
248,0,"Santa Rosa, CA",8.086579411764694,532940.0,21.095294117647054,60223,40,93016,4565,11350,6667,11976,7177,23066,2659,35825,887,18098,330,374,1967,83,Santa Rosa, CA
249,1,"Santa Rosa, CA",2.386714285714286,6490.0,20.071428571428566,60223,40,93016,4565,11350,6667,11976,7177,23066,2659,35825,887,18098,330,374,1967,83,Santa Rosa, CA
250,0,"Savannah, GA",9.102927152317875,468680.0,19.82649006622517,20172,27,54609,5648,5022,3308,4054,2319,5446,591,9757,8277,1159,0,0,309,79,Savannah, GA
251,1,"Savannah, GA",5.308933333333335,13570.0,23.233333333333334,20172,27,54609,5648,5022,3308,4054,2319,5446,591,9757,8277,1159,0,0,309,79,Savannah, GA
252,0,"Sebring, FL",22.341504201680685,65290.0,20.430252100840338,31130,58,55038,2208,4197,2442,10561,3410,10523,741,25349,1324,3129,0,0,567,20,Sebring, FL
253,1,"Sebring, FL",15.225666666666667,1120.0,6.733333333333333,31130,58,55038,2208,4197,2442,10561,3410,10523,741,25349,1324,3129,0,0,567,20,Sebring, FL
254,0,"Sioux Falls, SD",8.562455384615385,427330.0,15.312615384615397,114076,25,48893,8242,25680,11833,30848,8388,37375,2284,94803,5310,6145,1833,41,3449,211,Sioux Falls, SD
255,1,"Sioux Falls, SD",6.273187500000001,15430.0,10.35,114076,25,48893,8242,25680,11833,30848,8388,37375,2284,94803,5310,6145,1833,41,3449,211,Sioux Falls, SD
256,0,"Spartanburg, SC",10.031657039711195,430670.0,17.822021660649817,16612,43,92713,1279,4169,3388,3471,1611,3953,719,12327,3024,382,51,13,83,13,Spartanburg, SC
257,1,"Spartanburg, SC",4.919714285714285,10670.0,17.25,16612,43,92713,1279,4169,3388,3471,1611,3953,719,12327,3024,382,51,13,83,13,Spartanburg, SC
258,0,"Springfield, IL",10.081062730627307,268930.0,18.792988929889304,18199,41,91064,596,5785,3919,3335,641,4514,1006,15802,682,344,12,11,316,26,Springfield, IL
259,1,"Springfield, IL",8.751000000000001,11200.0,22.12307692307693,18199,41,91064,596,5785,3919,3335,641,4514,1006,15802,682,344,12,11,316,26,Springfield, IL
260,0,"Springfield, MO",8.743748427672951,569120.0,19.514150943396235,61548,36,74161,7613,14115,10247,13836,4094,19259,1677,54554,2040,1697,293,118,1140,29,Springfield, MO
261,1,"Springfield, MO",5.956625,19520.0,22.412499999999998,61548,36,74161,7613,14115,10247,13836,4094,19259,1677,54554,2040,1697,293,118,1140,29,Springfield, MO
262,0,"Springfield, OH",15.229707865168544,122040.0,23.032584269662912,51464,37,54660,9770,5137,3202,19630,8316,15152,274,38740,8330,1365,126,71,2496,62,Springfield, OH
263,1,"Springfield, OH",6.682124999999999,2400.0,26.1125,51464,37,54660,9770,5137,3202,19630,8316,15152,274,38740,8330,1365,126,71,2496,62,Springfield, OH
264,0,"Sumter, SC",17.02429299363057,96360.0,15.914649681528656,1667,22,37966,165,175,208,91,131,1060,44,1090,189,129,0,0,215,0,Sumter, SC
265,1,"Sumter, SC",11.0464,1990.0,20.3,1667,22,37966,165,175,208,91,131,1060,44,1090,189,129,0,0,215,0,Sumter, SC
266,0,"Syracuse, NY",7.027916243654826,777810.0,16.443147208121825,23233,30,44751,8573,3361,2730,6100,5485,5536,1828,10680,6690,2318,208,0,1438,71,Syracuse, NY
267,1,"Syracuse, NY",2.9625333333333335,12480.0,19.153333333333332,23233,30,44751,8573,3361,2730,6100,5485,5536,1828,10680,6690,2318,208,0,1438,71,Syracuse, NY
268,0,"Tallahassee, FL",8.798624183006535,456850.0,17.2624183006536,265136,34,75746,31462,67238,52090,48283,19507,77955,9521,155464,76577,16720,468,54,5751,581,Tallahassee, FL
269,1,"Tallahassee, FL",9.081124999999998,24640.0,12.81875,265136,34,75746,31462,67238,52090,48283,19507,77955,9521,155464,76577,16720,468,54,5751,581,Tallahassee, FL
270,0,"Terre Haute, IN",12.140290748898675,173460.0,19.11629955947137,26389,28,25005,6429,3095,1161,8548,4786,8792,443,21054,2571,956,22,0,1325,18,Terre Haute, IN
271,1,"Terre Haute, IN",6.633666666666667,3760.0,11.700000000000001,26389,28,25005,6429,3095,1161,8548,4786,8792,443,21054,2571,956,22,0,1325,18,Terre Haute, IN
272,0,"The Villages, FL",19.7153925925926,79780.0,19.907407407407405,25173,63,54288,1988,3524,1611,9842,2743,7451,455,20979,753,2297,378,0,270,41,The Villages, FL
273,1,"The Villages, FL",10.3858,1560.0,15.38,25173,63,54288,1988,3524,1611,9842,2743,7451,455,20979,753,2297,378,0,270,41,The Villages, FL
274,0,"Toledo, OH",7.432521164021165,770810.0,19.444973544973553,158077,34,41428,39546,14883,7833,54462,26724,54184,1881,86014,49387,14731,393,31,5299,341,Toledo, OH
275,1,"Toledo, OH",4.0264444444444445,19890.0,20.63888888888889,158077,34,41428,39546,14883,7833,54462,26724,54184,1881,86014,49387,14731,393,31,5299,341,Toledo, OH
276,0,"Topeka, KS",9.435062068965516,287280.0,17.77620689655172,154367,38,56677,16206,28993,17064,46730,14083,46821,1902,111665,13337,19654,930,63,6635,181,Topeka, KS
277,1,"Topeka, KS",9.964166666666666,12560.0,14.608333333333334,154367,38,56677,16206,28993,17064,46730,14083,46821,1902,111665,13337,19654,930,63,6635,181,Topeka, KS
278,0,"Trenton, NJ",8.521773770491802,599210.0,17.895737704918034,946,40,32609,264,27,16,398,137,367,1,96,633,215,0,0,1,0,Trenton, NJ
279,1,"Trenton, NJ",7.041357142857144,22730.0,13.25,946,40,32609,264,27,16,398,137,367,1,96,633,215,0,0,1,0,Trenton, NJ
280,0,"Tucson, AZ",7.03508505154639,1005740.0,17.31288659793815,525318,30,44776,96916,78312,52750,129474,84800,179892,15876,236882,22752,227408,7950,658,13128,664,Tucson, AZ
281,1,"Tucson, AZ",7.5028823529411754,47000.0,14.899999999999999,525318,30,44776,96916,78312,52750,129474,84800,179892,15876,236882,22752,227408,7950,658,13128,664,Tucson, AZ
282,0,"Tulsa, OK",6.452125581395354,1187190.0,18.68162790697675,243521,35,66567,41722,45249,23880,63791,35476,75074,6010,132177,37039,40412,9774,347,17311,451,Tulsa, OK
283,1,"Tulsa, OK",5.970555555555557,45990.0,14.105555555555558,243521,35,66567,41722,45249,23880,63791,35476,75074,6010,132177,37039,40412,9774,347,17311,451,Tulsa, OK
284,0,"Tuscaloosa, AL",10.491203846153837,273200.0,17.965769230769226,16119,40,61780,1389,1197,417,6738,2661,5094,0,13500,2094,339,27,0,87,72,Tuscaloosa, AL
285,1,"Tuscaloosa, AL",5.512416666666666,6630.0,22.84166666666667,16119,40,61780,1389,1197,417,6738,2661,5094,0,13500,2094,339,27,0,87,72,Tuscaloosa, AL
286,0,"Tyler, TX",10.32883458646616,269700.0,21.893609022556397,85875,34,57269,16541,9781,4524,23049,20577,27880,942,32784,22793,28237,285,12,720,102,Tyler, TX
287,1,"Tyler, TX",6.133000000000001,6630.0,19.78181818181818,85875,34,57269,16541,9781,4524,23049,20577,27880,942,32784,22793,28237,285,12,720,102,Tyler, TX
288,0,"Urban Honolulu, HI",6.5565525672371665,1111440.0,15.922249388753064,259175,40,75665,22916,58212,33504,64193,33351,69828,141478,38576,3055,17431,163,22755,35479,238,Urban Honolulu, HI
289,1,"Urban Honolulu, HI",6.831437499999999,45310.0,13.15,259175,40,75665,22916,58212,33504,64193,33351,69828,141478,38576,3055,17431,163,22755,35479,238,Urban Honolulu, HI
290,0,"Valdosta, GA",13.920329842931935,137490.0,19.701570680628265,742,19,-1,0,0,0,0,0,742,7,306,356,25,0,12,36,0,Valdosta, GA
291,1,"Valdosta, GA",2.0435,630.0,23.53333333333333,742,19,-1,0,0,0,0,0,742,7,306,356,25,0,12,36,0,Valdosta, GA
292,0,"Victoria, TX",17.430714285714288,97810.0,22.47532467532467,70994,35,78681,9198,9670,4694,21684,12654,22288,967,28959,4538,35257,76,0,1034,163,Victoria, TX
293,1,"Victoria, TX",11.4254,2090.0,17.119999999999997,70994,35,78681,9198,9670,4694,21684,12654,22288,967,28959,4538,35257,76,0,1034,163,Victoria, TX
294,0,"Waco, TX",9.575479020979015,314750.0,19.650349650349646,27586,26,31517,7725,1934,1167,8500,6997,8997,212,6599,10350,10002,57,8,351,7,Waco, TX
295,1,"Waco, TX",6.083153846153847,9100.0,16.68461538461538,27586,26,31517,7725,1934,1167,8500,6997,8997,212,6599,10350,10002,57,8,351,7,Waco, TX
296,0,"Warner Robins, GA",12.59581220657278,194860.0,17.85633802816901,69518,34,78530,8823,12093,8289,18334,4897,25951,2684,40749,18197,5440,147,0,1941,360,Warner Robins, GA
297,1,"Warner Robins, GA",8.216818181818182,6570.0,18.38181818181818,69518,34,78530,8823,12093,8289,18334,4897,25951,2684,40749,18197,5440,147,0,1941,360,Warner Robins, GA
298,0,"Waterbury, CT",12.481847926267278,170190.0,20.13548387096774,80603,37,43669,18030,6584,3652,29117,18980,22290,2386,26320,15617,33398,12,41,2413,416,Waterbury, CT
299,1,"Waterbury, CT",2.3662222222222224,1320.0,18.011111111111106,80603,37,43669,18030,6584,3652,29117,18980,22290,2386,26320,15617,33398,12,41,2413,416,Waterbury, CT
300,0,"Wichita Falls, TX",12.812627450980393,142040.0,19.571568627450997,65896,31,56167,13248,9631,4039,19443,9759,22998,963,37908,8448,16154,403,26,1680,314,Wichita Falls, TX
301,1,"Wichita Falls, TX",9.774799999999999,2660.0,20.240000000000002,65896,31,56167,13248,9631,4039,19443,9759,22998,963,37908,8448,16154,403,26,1680,314,Wichita Falls, TX
302,0,"Wichita, KS",7.143677002583972,797670.0,19.867700258397935,191734,34,75391,28568,34328,15821,52966,26056,62473,5126,124831,17902,35486,1185,36,7065,103,Wichita, KS
303,1,"Wichita, KS",5.484117647058824,26920.0,18.129411764705882,191734,34,75391,28568,34328,15821,52966,26056,62473,5126,124831,17902,35486,1185,36,7065,103,Wichita, KS
304,0,"Winston-Salem, NC",7.903037037037043,713650.0,17.52136752136752,33082,27,34263,1864,9344,7149,4379,1215,10993,1351,22926,5736,2099,57,0,846,67,Winston-Salem, NC
305,1,"Winston-Salem, NC",5.070764705882352,22180.0,14.558823529411766,33082,27,34263,1864,9344,7149,4379,1215,10993,1351,22926,5736,2099,57,0,846,67,Winston-Salem, NC
306,0,"Yakima, WA",10.979800000000006,252670.0,17.385490196078425,46258,32,52787,7262,4255,3145,12720,12443,13692,285,20719,340,23274,494,10,1095,41,Yakima, WA
307,1,"Yakima, WA",4.7082999999999995,4250.0,13.86,46258,32,52787,7262,4255,3145,12720,12443,13692,285,20719,340,23274,494,10,1095,41,Yakima, WA
308,0,"Yuba City, CA",15.26157647058823,114460.0,21.67529411764706,40959,33,60353,6881,4382,1966,11017,9092,14499,3892,19336,874,14832,258,195,1504,68,Yuba City, CA
309,1,"Yuba City, CA",6.723333333333333,2680.0,16.644444444444442,40959,33,60353,6881,4382,1966,11017,9092,14499,3892,19336,874,14832,258,195,1504,68,Yuba City, CA
