,istech,area_title,jobs_1000,tot_emp,emp_prse
0,0,"Abilene, TX",12.048519650655026,182230.0,18.251528384279474
1,1,"Abilene, TX",8.40925,4450.0,22.5
2,0,"Aguadilla-Isabela, PR",19.277742647058826,113760.0,17.231617647058822
3,1,"Aguadilla-Isabela, PR",14.907599999999999,3240.0,13.12
4,0,"Akron, OH",7.321090185676392,859710.0,19.45092838196288
5,1,"Akron, OH",6.404352941176471,33910.0,18.88235294117647
6,0,"Albany, GA",13.685161458333333,153970.0,18.69270833333334
7,1,"Albany, GA",10.04742857142857,4120.0,16.414285714285715
8,0,"Albany, OR",13.376715686274514,116610.0,16.93823529411764
9,1,"Albany, OR",8.753285714285713,2620.0,12.928571428571429
10,0,"Albany-Schenectady-Troy, NY",6.416154566744727,1151850.0,16.4807962529274
11,1,"Albany-Schenectady-Troy, NY",7.027894736842105,56160.0,17.926315789473684
12,0,"Albuquerque, NM",6.598983372921624,1040140.0,16.33159144893113
13,1,"Albuquerque, NM",6.331062499999998,37920.0,14.9
14,0,"Alexandria, LA",13.515039800995032,155190.0,18.862686567164182
15,1,"Alexandria, LA",12.72975,2900.0,17.975
16,0,"Allentown-Bethlehem-Easton, PA-NJ",7.083218274111672,959740.0,19.841116751269027
17,1,"Allentown-Bethlehem-Easton, PA-NJ",4.75761111111111,29440.0,17.105555555555554
18,0,"Altoona, PA",13.332639423076925,152060.0,21.491826923076935
19,1,"Altoona, PA",6.090272727272728,3670.0,20.145454545454545
20,0,"Amarillo, TX",10.519027777777776,299770.0,20.11349206349206
21,1,"Amarillo, TX",6.5245999999999995,7380.0,12.05
22,0,"Ames, IA",14.40655865921788,112150.0,17.626256983240225
23,1,"Ames, IA",12.974700000000002,5650.0,25.19
24,0,"Anchorage, AK",7.9073641618497135,450130.0,17.73439306358381
25,1,"Anchorage, AK",6.897937500000001,18150.0,14.69375
26,0,"Ann Arbor, MI",8.392640127388534,549080.0,18.909872611464966
27,1,"Ann Arbor, MI",5.698687500000001,19000.0,13.0125
28,0,"Anniston-Oxford-Jacksonville, AL",16.44876874999998,110380.0,16.29
29,1,"Anniston-Oxford-Jacksonville, AL",8.778333333333334,2210.0,11.733333333333333
30,0,"Appleton, WI",10.194231617647056,323140.0,20.386764705882364
31,1,"Appleton, WI",5.353562499999999,9970.0,14.1125
32,0,"Arecibo, PR",22.594745762711863,72460.0,13.454237288135603
33,1,"Arecibo, PR",13.915666666666667,1130.0,13.0
34,0,"Asheville, NC",8.20987610619469,512460.0,17.031858407079643
35,1,"Asheville, NC",5.040692307692306,12070.0,18.361538461538462
36,0,"Athens-Clarke County, GA",11.276108225108214,221000.0,16.436796536796543
37,1,"Athens-Clarke County, GA",5.01775,3390.0,16.3625
38,0,"Atlanta-Sandy Springs-Roswell, GA",4.968985185185188,7064680.0,17.27981481481483
39,1,"Atlanta-Sandy Springs-Roswell, GA",5.553588235294117,248570.0,11.57058823529412
40,0,"Atlantic City-Hammonton, NJ",11.141315573770488,301270.0,16.780327868852456
41,1,"Atlantic City-Hammonton, NJ",5.9437333333333315,9890.0,18.586666666666662
42,0,"Auburn-Opelika, AL",14.375824468085103,154310.0,18.988297872340432
43,1,"Auburn-Opelika, AL",8.33525,3810.0,13.274999999999999
44,0,"Augusta-Richmond County, GA-SC",8.01169653179191,617340.0,17.040462427745666
45,1,"Augusta-Richmond County, GA-SC",5.385687499999999,19180.0,16.3625
46,0,"Austin-Round Rock, TX",5.767673160173162,2809190.0,19.17597402597403
47,1,"Austin-Round Rock, TX",8.724133333333333,137980.0,14.386666666666665
48,0,"Bakersfield, CA",7.774444444444444,854740.0,19.47777777777778
49,1,"Bakersfield, CA",4.384799999999999,20080.0,15.833333333333334
50,0,"Baltimore-Columbia-Towson, MD",5.072692883895126,3487980.0,17.891198501872672
51,1,"Baltimore-Columbia-Towson, MD",6.408882352941177,140300.0,13.064705882352943
52,0,"Bangor, ME",12.121631111111098,166180.0,18.104888888888887
53,1,"Bangor, ME",7.132166666666667,5210.0,16.45
54,0,"Barnstable Town, MA",10.983869047619045,256080.0,19.024999999999995
55,1,"Barnstable Town, MA",7.164083333333333,7970.0,14.366666666666667
56,0,"Baton Rouge, LA",6.9763585858585815,1026420.0,19.38156565656566
57,1,"Baton Rouge, LA",5.933133333333334,33070.0,16.64666666666667
58,0,"Battle Creek, MI",15.254943181818184,130360.0,17.58977272727273
59,1,"Battle Creek, MI",11.488,3900.0,14.642857142857142
60,0,"Bay City, MI",18.975137681159435,79470.0,16.6427536231884
61,1,"Bay City, MI",10.046666666666667,1840.0,14.066666666666668
62,0,"Beaumont-Port Arthur, TX",9.422149152542373,424680.0,20.108135593220346
63,1,"Beaumont-Port Arthur, TX",5.806500000000001,10640.0,22.325
64,0,"Beckley, WV",15.802716763005785,110440.0,20.8335260115607
65,1,"Beckley, WV",9.377666666666666,2270.0,16.966666666666665
66,0,"Bellingham, WA",10.39727067669172,223360.0,20.638345864661648
67,1,"Bellingham, WA",7.297500000000002,5900.0,15.569999999999997
68,0,"Bend-Redmond, OR",10.168143911439103,220950.0,19.51033210332103
69,1,"Bend-Redmond, OR",7.619769230769232,7940.0,13.607692307692307
70,0,"Billings, MT",10.49228409090909,233110.0,18.187121212121216
71,1,"Billings, MT",5.094692307692307,5590.0,19.47692307692308
72,0,"Binghamton, NY",10.384496183206105,251260.0,17.3709923664122
73,1,"Binghamton, NY",5.2322,4820.0,9.8
74,0,"Birmingham-Hoover, AL",6.654127710843371,1374080.0,18.67807228915663
75,1,"Birmingham-Hoover, AL",3.4561875000000004,27520.0,13.937500000000002
76,0,"Bismarck, ND",11.450757322175727,185940.0,19.743096234309636
77,1,"Bismarck, ND",8.621799999999999,5870.0,10.84
78,0,"Blacksburg-Christiansburg-Radford, VA",13.279788944723622,173900.0,17.281909547738678
79,1,"Blacksburg-Christiansburg-Radford, VA",6.649363636363635,4810.0,19.61818181818182
80,0,"Bloomington, IL",11.286768181818188,204890.0,22.64181818181818
81,1,"Bloomington, IL",27.981909090909088,25400.0,15.681818181818182
82,0,"Bloomington, IN",11.72951442307692,166060.0,20.635576923076933
83,1,"Bloomington, IN",10.464333333333332,8550.0,14.091666666666667
84,0,"Bloomsburg-Berwick, PA",15.702183544303793,95940.0,20.231012658227847
85,1,"Bloomsburg-Berwick, PA",5.127666666666666,600.0,42.699999999999996
86,0,"Boise City, ID",7.1748549222797955,924670.0,19.58471502590672
87,1,"Boise City, ID",7.781470588235296,44170.0,17.13529411764706
88,0,"Boston-Cambridge-Nashua, MA-NH",4.617359788359786,6811660.0,15.76507936507937
89,1,"Boston-Cambridge-Nashua, MA-NH",6.530625000000001,271870.0,7.2749999999999995
90,0,"Boulder, CO",8.116656250000002,471150.0,16.6646875
91,1,"Boulder, CO",12.063357142857143,30650.0,16.77857142857143
92,0,"Bowling Green, KY",12.827230046948358,186040.0,20.007042253521128
93,1,"Bowling Green, KY",7.314333333333334,4490.0,19.266666666666666
94,0,"Bremerton-Silverdale, WA",11.675504273504268,236420.0,17.573076923076922
95,1,"Bremerton-Silverdale, WA",7.144454545454547,6790.0,16.145454545454548
96,0,"Bridgeport-Stamford-Norwalk, CT",7.713494082840239,982430.0,18.745857988165668
97,1,"Bridgeport-Stamford-Norwalk, CT",3.7325,22490.0,14.8375
98,0,"Brownsville-Harlingen, TX",10.609626415094331,379130.0,19.119622641509444
99,1,"Brownsville-Harlingen, TX",4.9892,6710.0,18.55
100,0,"Brunswick, GA",16.264242424242422,106000.0,17.863030303030307
101,1,"Brunswick, GA",11.577,3210.0,15.899999999999997
102,0,"Buffalo-Cheektowaga-Niagara Falls, NY",6.409513824884783,1381780.0,16.216129032258063
103,1,"Buffalo-Cheektowaga-Niagara Falls, NY",3.316933333333334,24730.0,12.82666666666667
104,0,"Burlington, NC",13.958423469387753,166020.0,17.227040816326532
105,1,"Burlington, NC",6.963727272727271,4660.0,10.336363636363636
106,0,"Burlington-South Burlington, VT",9.332727272727281,303640.0,18.545454545454525
107,1,"Burlington-South Burlington, VT",8.9756875,16360.0,18.89375
108,0,"California-Lexington Park, MD",16.31724999999999,115020.0,19.316666666666656
109,1,"California-Lexington Park, MD",14.563058823529412,11180.0,15.952941176470588
110,0,"Canton-Massillon, OH",8.948984025559108,441210.0,20.966773162939305
111,1,"Canton-Massillon, OH",5.428692307692306,11100.0,17.669230769230772
112,0,"Cape Coral-Fort Myers, FL",8.42561746987952,731450.0,20.30963855421686
113,1,"Cape Coral-Fort Myers, FL",5.6840769230769235,19330.0,18.823076923076922
114,0,"Cape Girardeau, MO-IL",14.612367567567563,113240.0,20.245405405405403
115,1,"Cape Girardeau, MO-IL",7.923374999999999,2650.0,22.362500000000004
116,0,"Carbondale-Marion, IL",13.540909999999995,136670.0,19.734499999999997
117,1,"Carbondale-Marion, IL",8.354,3790.0,15.97777777777778
118,0,"Carson City, NV",16.50983018867925,75970.0,16.038364779874204
119,1,"Carson City, NV",13.845222222222224,3610.0,15.655555555555557
120,0,"Casper, WY",15.470863636363617,100380.0,17.135795454545455
121,1,"Casper, WY",11.9036,2200.0,14.180000000000001
122,0,"Cedar Rapids, IA",8.610831210191089,370900.0,18.616242038216562
123,1,"Cedar Rapids, IA",11.375866666666665,23420.0,11.486666666666668
124,0,"Chambersburg-Waynesboro, PA",14.284630208333335,153760.0,18.37708333333333
125,1,"Chambersburg-Waynesboro, PA",6.618777777777779,3340.0,10.155555555555555
126,0,"Champaign-Urbana, IL",10.275872093023251,253600.0,19.736821705426344
127,1,"Champaign-Urbana, IL",8.204500000000003,12560.0,13.899999999999999
128,0,"Charleston, WV",9.73922857142857,280530.0,19.11785714285714
129,1,"Charleston, WV",7.428466666666665,11450.0,17.006666666666668
130,0,"Charleston-North Charleston, SC",7.371553475935834,944850.0,17.368181818181817
131,1,"Charleston-North Charleston, SC",4.469600000000001,22970.0,12.206666666666667
132,0,"Charlotte-Concord-Gastonia, NC-SC",5.653880165289257,3314490.0,15.83078512396693
133,1,"Charlotte-Concord-Gastonia, NC-SC",5.60425,108620.0,11.943749999999998
134,0,"Charlottesville, VA",9.415251773049647,286280.0,19.47872340425533
135,1,"Charlottesville, VA",6.006076923076923,8420.0,17.930769230769233
136,0,"Chattanooga, TN-GA",7.427842245989313,674520.0,18.57780748663101
137,1,"Chattanooga, TN-GA",6.042562500000001,23460.0,17.431250000000002
138,0,"Cheyenne, WY",13.34719796954314,118070.0,16.328934010152278
139,1,"Cheyenne, WY",9.622899999999998,4310.0,7.15
140,0,"Chicago-Naperville-Elgin, IL-IN-WI",4.701720970537261,11834060.0,16.410225303292897
141,1,"Chicago-Naperville-Elgin, IL-IN-WI",3.9565294117647065,293400.0,10.841176470588234
142,0,"Chico, CA",11.68764377682403,200500.0,21.30214592274677
143,1,"Chico, CA",6.425083333333334,5680.0,21.916666666666668
144,0,"Cincinnati, OH-KY-IN",5.546652610441767,2840190.0,17.608433734939755
145,1,"Cincinnati, OH-KY-IN",6.4701578947368406,126400.0,13.57894736842105
146,0,"Clarksville, TN-KY",10.730554687499994,231090.0,17.788671875000006
147,1,"Clarksville, TN-KY",7.709777777777777,5840.0,16.188888888888886
148,0,"Cleveland, TN",15.44491891891892,107440.0,24.971621621621615
149,1,"Cleveland, TN",8.871142857142857,2930.0,20.685714285714287
150,0,"Cleveland-Elyria, OH",5.822579281183929,2705260.0,18.351797040169135
151,1,"Cleveland-Elyria, OH",3.930111111111109,69490.0,16.094444444444445
152,0,"Coeur d'Alene, ID",12.861079812206576,166120.0,20.167605633802825
153,1,"Coeur d'Alene, ID",7.700181818181819,5130.0,20.045454545454543
154,0,"College Station-Bryan, TX",9.24728522336769,291730.0,19.26323024054983
155,1,"College Station-Bryan, TX",6.927333333333336,11270.0,14.906666666666666
156,0,"Colorado Springs, CO",7.28414594594594,749870.0,16.979729729729726
157,1,"Colorado Springs, CO",9.49570588235294,44910.0,14.44705882352941
158,0,"Columbia, MO",11.483255605381173,225790.0,19.341255605381164
159,1,"Columbia, MO",6.987357142857143,8630.0,19.728571428571428
160,0,"Columbia, SC",7.071659898477157,1039450.0,17.208883248730967
161,1,"Columbia, SC",7.6307857142857145,39850.0,9.585714285714287
162,0,"Columbus, GA-AL",9.273003436426125,299210.0,17.273195876288646
163,1,"Columbus, GA-AL",10.323272727272727,12610.0,18.90909090909091
164,0,"Columbus, IN",15.231938271604948,115230.0,17.59074074074074
165,1,"Columbus, IN",10.934166666666668,6130.0,16.966666666666665
166,0,"Columbus, OH",5.796395789473684,2826330.0,18.170736842105264
167,1,"Columbus, OH",7.672500000000001,141780.0,13.694444444444445
168,0,"Corpus Christi, TX",8.824189873417719,503140.0,20.232594936708857
169,1,"Corpus Christi, TX",5.332615384615385,12500.0,20.176923076923078
170,0,"Corvallis, OR",14.559377245508989,85150.0,18.13952095808384
171,1,"Corvallis, OR",13.458222222222224,4250.0,9.100000000000001
172,0,"Crestview-Fort Walton Beach-Destin, FL",10.600618677042805,297560.0,20.756031128404658
173,1,"Crestview-Fort Walton Beach-Destin, FL",10.73376923076923,15230.0,21.03076923076923
174,0,"Cumberland, MD-WV",16.50844936708861,87600.0,21.40000000000001
175,1,"Cumberland, MD-WV",7.638999999999999,1550.0,22.383333333333336
176,0,"Dallas-Fort Worth-Arlington, TX",4.841793960923624,9781910.0,17.65328596802841
177,1,"Dallas-Fort Worth-Arlington, TX",5.484882352941177,334610.0,11.247058823529414
178,0,"Dalton, GA",14.667846560846556,166370.0,19.065608465608463
179,1,"Dalton, GA",10.6355,3830.0,14.4
180,0,"Danbury, CT",12.415727699530501,187610.0,19.281690140845072
181,1,"Danbury, CT",4.685909090909091,3660.0,15.327272727272726
182,0,"Danville, IL",21.153176000000002,66610.0,20.3048
183,1,"Danville, IL",10.927166666666665,1660.0,15.266666666666666
184,0,"Daphne-Fairhope-Foley, AL",12.59848430493273,205400.0,20.51793721973095
185,1,"Daphne-Fairhope-Foley, AL",6.914714285714287,3530.0,22.457142857142856
186,0,"Davenport-Moline-Rock Island, IA-IL",8.205035714285723,468680.0,19.870238095238093
187,1,"Davenport-Moline-Rock Island, IA-IL",6.485235294117648,18740.0,18.329411764705885
188,0,"Dayton, OH",7.002930946291556,979320.0,18.725831202046034
189,1,"Dayton, OH",7.28115789473684,49460.0,15.168421052631581
190,0,"Decatur, AL",13.873302564102575,146460.0,18.212820512820507
191,1,"Decatur, AL",7.124125,3090.0,13.762500000000003
192,0,"Decatur, IL",16.414477987421375,115630.0,22.2440251572327
193,1,"Decatur, IL",12.735800000000001,2810.0,26.279999999999994
194,0,"Deltona-Daytona Beach-Ormond Beach, FL",9.033300970873778,537150.0,19.888996763754058
195,1,"Deltona-Daytona Beach-Ormond Beach, FL",4.9965,13460.0,17.485714285714284
196,0,"Denver-Aurora-Lakewood, CO",5.324553149606296,3942080.0,15.684448818897629
197,1,"Denver-Aurora-Lakewood, CO",6.700882352941178,166010.0,10.652941176470588
198,0,"Des Moines-West Des Moines, IA",6.856045340050376,964730.0,19.331989924433252
199,1,"Des Moines-West Des Moines, IA",9.309444444444445,59380.0,14.994444444444444
200,0,"Detroit-Warren-Dearborn, MI",5.546893787575153,4925790.0,17.16653306613228
201,1,"Detroit-Warren-Dearborn, MI",4.383944444444444,140420.0,10.233333333333334
202,0,"Dothan, AL",13.777829999999993,154820.0,20.494999999999987
203,1,"Dothan, AL",9.939600000000002,2800.0,21.919999999999998
204,0,"Dover, DE",14.56507142857143,162480.0,14.398901098901089
205,1,"Dover, DE",2.9585999999999997,1800.0,10.709999999999999
206,0,"Dover-Durham, NH-ME",12.676166666666667,126330.0,19.61127450980392
207,1,"Dover-Durham, NH-ME",11.027250000000002,4320.0,25.5625
208,0,"Dubuque, IA",12.707368421052616,149310.0,19.76267942583732
209,1,"Dubuque, IA",8.2505,5560.0,21.424999999999997
210,0,"Duluth, MN-WI",8.894798722044731,329630.0,17.347284345047914
211,1,"Duluth, MN-WI",5.528285714285714,9180.0,18.242857142857144
212,0,"Durham-Chapel Hill, NC",7.224819444444447,805760.0,16.63472222222223
213,1,"Durham-Chapel Hill, NC",8.9900625,44560.0,13.806249999999999
214,0,"East Stroudsburg, PA",15.990189349112429,134110.0,18.9603550295858
215,1,"East Stroudsburg, PA",6.997,2770.0,22.999999999999996
216,0,"Eau Claire, WI",11.024286852589649,218850.0,19.776095617529887
217,1,"Eau Claire, WI",4.691866666666667,5570.0,15.76
218,0,"El Centro, CA",14.504212765957456,156550.0,18.56489361702127
219,1,"El Centro, CA",8.674499999999998,3000.0,12.683333333333332
220,0,"El Paso, TX",7.871101123595496,849320.0,19.977247191011234
221,1,"El Paso, TX",4.582866666666666,20840.0,20.280000000000005
222,0,"Elizabethtown-Fort Knox, KY",13.948616580310869,136790.0,18.761139896373056
223,1,"Elizabethtown-Fort Knox, KY",12.169100000000004,6200.0,25.18
224,0,"Elkhart-Goshen, IN",11.869499999999993,352830.0,18.60593220338983
225,1,"Elkhart-Goshen, IN",5.203083333333333,7870.0,17.18333333333333
226,0,"Elmira, NY",17.5058896103896,85640.0,16.60844155844156
227,1,"Elmira, NY",8.738,1660.0,10.966666666666667
228,0,"Enid, OK",20.763351999999998,59620.0,18.248000000000005
229,1,"Enid, OK",15.7675,1460.0,26.275
230,0,"Erie, PA",9.970910394265244,317390.0,20.77956989247312
231,1,"Erie, PA",5.864538461538463,8680.0,28.299999999999997
232,0,"Eugene, OR",8.05017732558139,408950.0,16.740406976744197
233,1,"Eugene, OR",6.755599999999999,14960.0,18.906666666666663
234,0,"Evansville, IN-KY",9.144058631921828,410730.0,18.27719869706839
235,1,"Evansville, IN-KY",4.136388888888889,10870.0,20.472222222222225
236,0,"Fairbanks, AK",16.067390243902455,81430.0,16.44573170731707
237,1,"Fairbanks, AK",10.889624999999999,2680.0,18.225
238,0,"Fargo, ND-MN",8.67513880126184,370080.0,19.900315457413246
239,1,"Fargo, ND-MN",6.705999999999999,13540.0,17.333333333333332
240,0,"Farmington, NM",15.27716574585636,120010.0,18.11381215469615
241,1,"Farmington, NM",9.783399999999999,2120.0,10.64
242,0,"Fayetteville, NC",10.225833333333334,338680.0,16.90592592592593
243,1,"Fayetteville, NC",5.870923076923078,9370.0,15.092307692307694
244,0,"Fayetteville-Springdale-Rogers, AR-MO",8.121955223880603,672660.0,19.418208955223882
245,1,"Fayetteville-Springdale-Rogers, AR-MO",5.665928571428572,19600.0,14.314285714285717
246,0,"Flagstaff, AZ",12.88098492462311,145940.0,17.623115577889433
247,1,"Flagstaff, AZ",8.898555555555554,4570.0,11.98888888888889
248,0,"Flint, MI",11.06730081300813,330780.0,19.66666666666667
249,1,"Flint, MI",5.2105,7610.0,24.149999999999995
250,0,"Florence, SC",12.535650000000008,231120.0,16.568636363636358
251,1,"Florence, SC",7.0235,5870.0,15.719999999999999
252,0,"Florence-Muscle Shoals, AL",13.594499999999991,142750.0,19.563861386138615
253,1,"Florence-Muscle Shoals, AL",9.386800000000001,2430.0,21.68
254,0,"Fond du Lac, WI",15.472503105590055,106980.0,20.65776397515527
255,1,"Fond du Lac, WI",9.07288888888889,3520.0,21.52222222222222
256,0,"Fort Collins, CO",8.463710280373835,423960.0,17.37570093457944
257,1,"Fort Collins, CO",4.656187500000001,11600.0,19.5
258,0,"Fort Smith, AR-OK",10.32951481481482,287940.0,18.28037037037037
259,1,"Fort Smith, AR-OK",5.483384615384616,7350.0,23.43076923076923
260,0,"Fort Wayne, IN",7.684365650969531,570250.0,17.36869806094184
261,1,"Fort Wayne, IN",5.205941176470588,18200.0,12.435294117647059
262,0,"Fresno, CA",7.147116751269044,1059360.0,19.400000000000006
263,1,"Fresno, CA",3.8113125,22940.0,15.8875
264,0,"Gadsden, AL",19.343065217391313,84940.0,20.09492753623188
265,1,"Gadsden, AL",10.18575,1300.0,19.825
266,0,"Gainesville, FL",8.827566225165569,365100.0,17.273178807947026
267,1,"Gainesville, FL",6.840733333333334,14080.0,13.853333333333333
268,0,"Gainesville, GA",11.912200000000004,238310.0,18.938222222222223
269,1,"Gainesville, GA",1.62,1150.0,19.05
270,0,"Gettysburg, PA",18.377397260273966,81790.0,19.597945205479455
271,1,"Gettysburg, PA",7.883714285714285,1690.0,16.614285714285714
272,0,"Glens Falls, NY",13.790345177664967,127760.0,18.17614213197969
273,1,"Glens Falls, NY",8.902714285714286,2930.0,15.171428571428573
274,0,"Goldsboro, NC",15.838142011834321,111260.0,17.758579881656797
275,1,"Goldsboro, NC",6.436714285714285,1880.0,13.542857142857143
276,0,"Grand Forks, ND-MN",13.512357512953358,121570.0,17.283419689119167
277,1,"Grand Forks, ND-MN",8.688499999999998,3230.0,17.2125
278,0,"Grand Island, NE",14.705407821229056,102480.0,17.824022346368714
279,1,"Grand Island, NE",6.969111111111112,2440.0,23.188888888888886
280,0,"Grand Junction, CO",12.45109502262443,162220.0,17.063348416289596
281,1,"Grand Junction, CO",5.803444444444445,3080.0,15.622222222222222
282,0,"Grand Rapids-Wyoming, MI",6.597396226415098,1444810.0,18.916745283018862
283,1,"Grand Rapids-Wyoming, MI",5.341764705882352,46930.0,14.217647058823529
284,0,"Grants Pass, OR",19.0708357142857,69380.0,20.140714285714296
285,1,"Grants Pass, OR",14.7315,1520.0,19.3
286,0,"Great Falls, MT",15.577305882352945,91200.0,20.571176470588235
287,1,"Great Falls, MT",8.320333333333332,2580.0,24.65555555555556
288,0,"Greeley, CO",10.170160447761187,284880.0,17.55783582089554
289,1,"Greeley, CO",2.3739090909090907,2740.0,17.62727272727273
290,0,"Green Bay, WI",8.34631531531531,454300.0,20.252552552552558
291,1,"Green Bay, WI",6.259812500000002,16380.0,14.0625
292,0,"Greensboro-High Point, NC",7.32038684210527,971890.0,18.13342105263157
293,1,"Greensboro-High Point, NC",3.171562499999999,17740.0,13.925
294,0,"Greenville, NC",12.115382222222221,201280.0,17.306222222222228
295,1,"Greenville, NC",3.4601250000000006,2050.0,10.562500000000002
296,0,"Greenville-Anderson-Mauldin, SC",7.5097849462365565,1091890.0,17.779032258064518
297,1,"Greenville-Anderson-Mauldin, SC",6.148200000000001,36040.0,14.986666666666666
298,0,"Guayama, PR",41.484188679245285,23810.0,11.226415094339629
299,1,"Guayama, PR",19.716,430.0,3.1
300,0,"Gulfport-Biloxi-Pascagoula, MS",8.741396226415093,393620.0,17.702201257861653
301,1,"Gulfport-Biloxi-Pascagoula, MS",6.066357142857143,12020.0,16.564285714285713
302,0,"Hagerstown-Martinsburg, MD-WV",9.839841155234668,261840.0,20.46606498194944
303,1,"Hagerstown-Martinsburg, MD-WV",6.9073076923076915,8620.0,19.907692307692308
304,0,"Hammond, LA",16.321808383233535,114620.0,18.83892215568862
305,1,"Hammond, LA",11.4955,1930.0,17.75
306,0,"Hanford-Corcoran, CA",16.758849673202608,109470.0,20.535947712418317
307,1,"Hanford-Corcoran, CA",8.141,1740.0,12.24
308,0,"Harrisburg-Carlisle, PA",7.181898701298698,861070.0,19.992467532467536
309,1,"Harrisburg-Carlisle, PA",7.921937500000001,39460.0,12.287500000000001
310,0,"Harrisonburg, VA",12.660961352657003,161910.0,17.73768115942029
311,1,"Harrisonburg, VA",5.393666666666667,4010.0,20.741666666666667
312,0,"Hartford-West Hartford-East Hartford, CT",6.568111386138611,1459930.0,17.978960396039607
313,1,"Hartford-West Hartford-East Hartford, CT",5.652875000000002,49780.0,12.7875
314,0,"Hattiesburg, MS",14.572713513513516,164150.0,21.929189189189188
315,1,"Hattiesburg, MS",9.495714285714286,4040.0,24.685714285714287
316,0,"Hickory-Lenoir-Morganton, NC",9.313475247524748,408000.0,17.50858085808581
317,1,"Hickory-Lenoir-Morganton, NC",5.036272727272728,8000.0,18.55454545454546
318,0,"Hilton Head Island-Bluffton-Beaufort, SC",12.953263888888888,207910.0,16.260648148148146
319,1,"Hilton Head Island-Bluffton-Beaufort, SC",7.269666666666666,4860.0,15.299999999999999
320,0,"Hinesville, GA",24.37547524752475,43310.0,17.150495049504958
321,1,"Hinesville, GA",25.849,1360.0,13.033333333333333
322,0,"Homosassa Springs, FL",19.99938235294118,82370.0,20.688970588235293
323,1,"Homosassa Springs, FL",15.245666666666667,1380.0,11.166666666666666
324,0,"Hot Springs, AR",17.928032894736837,96700.0,21.601973684210538
325,1,"Hot Springs, AR",9.771666666666667,2080.0,18.900000000000002
326,0,"Houma-Thibodaux, LA",11.075353711790394,207090.0,19.47947598253275
327,1,"Houma-Thibodaux, LA",7.646625,5000.0,20.5125
328,0,"Houston-The Woodlands-Sugar Land, TX",5.082861878453043,8193740.0,18.527624309392277
329,1,"Houston-The Woodlands-Sugar Land, TX",3.2405882352941173,163550.0,13.217647058823529
330,0,"Huntington-Ashland, WV-KY-OH",9.12725490196079,341000.0,20.007516339869284
331,1,"Huntington-Ashland, WV-KY-OH",5.088692307692307,8080.0,23.707692307692305
332,0,"Huntsville, AL",7.8658259587020565,615410.0,17.684070796460187
333,1,"Huntsville, AL",9.181,33900.0,14.49375
334,0,"Idaho Falls, ID",11.982563876651971,187110.0,20.985903083700432
335,1,"Idaho Falls, ID",10.06788888888889,6230.0,15.222222222222221
336,0,"Indianapolis-Carmel-Anderson, IN",5.943626349892011,2804520.0,17.897624190064782
337,1,"Indianapolis-Carmel-Anderson, IN",7.285388888888889,133670.0,14.244444444444447
338,0,"Iowa City, IA",10.316932,222890.0,18.30120000000001
339,1,"Iowa City, IA",8.880166666666666,9200.0,12.825000000000001
340,0,"Ithaca, NY",14.754121387283227,117250.0,16.810404624277457
341,1,"Ithaca, NY",8.026363636363637,4070.0,8.172727272727272
342,0,"Jackson, MI",14.662211428571435,119150.0,23.241142857142854
343,1,"Jackson, MI",10.001125,3720.0,24.1875
344,0,"Jackson, MS",7.738902777777765,700930.0,18.30055555555554
345,1,"Jackson, MS",6.430785714285713,22660.0,18.728571428571428
346,0,"Jackson, TN",12.544281105990786,173680.0,20.354377880184327
347,1,"Jackson, TN",6.2796,4000.0,23.18
348,0,"Jacksonville, FL",6.327255079006775,1915880.0,19.394356659142193
349,1,"Jacksonville, FL",6.657062499999999,72810.0,18.887500000000003
350,0,"Jacksonville, NC",14.61632804232804,125760.0,17.931746031746027
351,1,"Jacksonville, NC",11.472,2600.0,12.760000000000002
352,0,"Janesville-Beloit, WI",12.855981132075467,175040.0,19.376886792452833
353,1,"Janesville-Beloit, WI",3.6475714285714282,3280.0,18.699999999999996
354,0,"Jefferson City, MO",13.19569500000001,191560.0,18.985499999999995
355,1,"Jefferson City, MO",9.103428571428571,9250.0,18.17142857142857
356,0,"Johnson City, TN",11.595896995708152,203070.0,17.61502145922746
357,1,"Johnson City, TN",6.179,6020.0,18.16153846153846
358,0,"Johnstown, PA",14.819333333333326,126900.0,19.462295081967223
359,1,"Johnstown, PA",7.002666666666666,2950.0,18.54444444444444
360,0,"Jonesboro, AR",13.689055276381904,149550.0,20.66834170854272
361,1,"Jonesboro, AR",10.169714285714289,3900.0,21.342857142857145
362,0,"Joplin, MO",12.690862385321106,211010.0,21.71100917431192
363,1,"Joplin, MO",5.5276666666666685,5060.0,18.825
364,0,"Kahului-Wailuku-Lahaina, HI",13.366690821256041,185320.0,19.08888888888889
365,1,"Kahului-Wailuku-Lahaina, HI",10.175166666666668,4090.0,14.799999999999997
366,0,"Kalamazoo-Portage, MI",9.670852631578947,359910.0,20.505614035087714
367,1,"Kalamazoo-Portage, MI",2.380714285714286,4360.0,19.364285714285717
368,0,"Kankakee, IL",16.840603773584903,113360.0,20.441509433962267
369,1,"Kankakee, IL",9.125875,3080.0,21.2125
370,0,"Kansas City, MO-KS",5.404405138339917,2820330.0,18.748814229249003
371,1,"Kansas City, MO-KS",9.169249999999998,151290.0,12.518749999999999
372,0,"Kennewick-Richland, WA",9.526305841924396,315620.0,18.138144329896907
373,1,"Kennewick-Richland, WA",8.387222222222222,8600.0,10.044444444444444
374,0,"Killeen-Temple, TX",9.093591065292099,359050.0,18.569759450171823
375,1,"Killeen-Temple, TX",5.661466666666667,11510.0,12.866666666666665
376,0,"Kingsport-Bristol-Bristol, TN-VA",9.349132203389832,298010.0,19.070508474576283
377,1,"Kingsport-Bristol-Bristol, TN-VA",6.018666666666665,9750.0,17.380000000000003
378,0,"Kingston, NY",13.239892682926829,148540.0,17.772682926829265
379,1,"Kingston, NY",6.820250000000001,2980.0,18.9125
380,0,"Knoxville, TN",6.284843181818176,1041140.0,19.628636363636364
381,1,"Knoxville, TN",7.4155,44680.0,15.068750000000001
382,0,"Kokomo, IN",17.15003053435115,81520.0,21.05190839694656
383,1,"Kokomo, IN",17.4695,1260.0,6.050000000000001
384,0,"La Crosse-Onalaska, WI-MN",12.011447368421049,196360.0,16.685087719298245
385,1,"La Crosse-Onalaska, WI-MN",5.637642857142858,5670.0,12.057142857142859
386,0,"Lafayette, LA",8.87853846153846,524050.0,21.300320512820516
387,1,"Lafayette, LA",5.4727500000000004,12420.0,17.508333333333333
388,0,"Lafayette-West Lafayette, IN",10.63567330677291,238820.0,16.930278884462147
389,1,"Lafayette-West Lafayette, IN",7.302333333333333,7840.0,10.991666666666667
390,0,"Lake Charles, LA",11.070111111111112,274020.0,19.49341563786007
391,1,"Lake Charles, LA",1.652,1180.0,25.1
392,0,"Lake Havasu City-Kingman, AZ",13.976346938775512,138210.0,19.954591836734696
393,1,"Lake Havasu City-Kingman, AZ",9.503333333333334,2880.0,18.716666666666665
394,0,"Lakeland-Winter Haven, FL",8.013030959752315,606770.0,20.707739938080504
395,1,"Lakeland-Winter Haven, FL",4.970142857142858,16330.0,20.66428571428571
396,0,"Lancaster, PA",8.04230285714287,654000.0,19.9402857142857
397,1,"Lancaster, PA",4.749866666666666,16570.0,15.393333333333334
398,0,"Lansing-East Lansing, MI",8.028354166666666,531340.0,17.451190476190487
399,1,"Lansing-East Lansing, MI",8.942352941176468,29930.0,14.535294117647057
400,0,"Laredo, TX",13.446328502415458,276160.0,21.056521739130442
401,1,"Laredo, TX",6.761499999999999,5370.0,16.849999999999998
402,0,"Las Cruces, NM",11.580910638297864,186770.0,17.934468085106378
403,1,"Las Cruces, NM",7.1045833333333315,5850.0,13.858333333333334
404,0,"Las Vegas-Henderson-Paradise, NV",6.012801282051284,2539810.0,19.057478632478634
405,1,"Las Vegas-Henderson-Paradise, NV",5.9344,80360.0,15.19333333333333
406,0,"Lawrence, KS",14.215491891891878,117590.0,17.210270270270275
407,1,"Lawrence, KS",9.557100000000002,4270.0,17.47
408,0,"Lawton, OK",14.60863636363638,105360.0,18.953409090909087
409,1,"Lawton, OK",10.513875,3440.0,21.4625
410,0,"Lebanon, PA",14.313510416666665,131460.0,20.967708333333334
411,1,"Lebanon, PA",11.262400000000001,2690.0,15.939999999999998
412,0,"Leominster-Gardner, MA",14.722721311475414,130070.0,19.187978142076506
413,1,"Leominster-Gardner, MA",13.61983333333333,3940.0,18.95
414,0,"Lewiston, ID-WA",18.5667676056338,68490.0,17.82394366197182
415,1,"Lewiston, ID-WA",10.241333333333335,1590.0,11.166666666666666
416,0,"Lewiston-Auburn, ME",13.53644278606966,128570.0,18.776616915422874
417,1,"Lewiston-Auburn, ME",7.508333333333332,4260.0,23.63333333333333
418,0,"Lexington-Fayette, KY",7.651085635359116,715530.0,18.128176795580107
419,1,"Lexington-Fayette, KY",6.096937499999999,25200.0,17.23125
420,0,"Lima, OH",13.920520618556695,124550.0,19.621649484536082
421,1,"Lima, OH",7.26675,2680.0,19.1375
422,0,"Lincoln, NE",8.076654867256632,476750.0,17.06017699115044
423,1,"Lincoln, NE",8.3463125,23230.0,17.425
424,0,"Little Rock-North Little Rock-Conway, AR",6.964776942355887,930530.0,17.661904761904776
425,1,"Little Rock-North Little Rock-Conway, AR",7.168058823529411,40810.0,13.082352941176469
426,0,"Logan, UT-ID",11.934224215246644,155560.0,16.599551569506726
427,1,"Logan, UT-ID",9.108153846153849,6930.0,13.038461538461538
428,0,"Longview, TX",10.909700000000006,252900.0,19.766000000000012
429,1,"Longview, TX",6.171545454545453,6300.0,17.009090909090908
430,0,"Longview, WA",15.892830409356733,99340.0,20.25029239766082
431,1,"Longview, WA",7.7713333333333345,1700.0,19.433333333333334
432,0,"Los Angeles-Long Beach-Anaheim, CA",4.730761658031088,15948590.0,17.030915371329886
433,1,"Los Angeles-Long Beach-Anaheim, CA",3.7896875,353030.0,9.05
434,0,"Louisville/Jefferson County, KY-IN",6.143736263736267,1718320.0,19.691428571428567
435,1,"Louisville/Jefferson County, KY-IN",6.276647058823531,65580.0,16.941176470588236
436,0,"Lubbock, TX",8.84184394904459,390420.0,19.59681528662421
437,1,"Lubbock, TX",3.0824999999999996,5220.0,11.625
438,0,"Lynchburg, VA",10.373405303030303,263380.0,21.125757575757586
439,1,"Lynchburg, VA",5.685923076923078,7120.0,22.607692307692307
440,0,"Macon, GA",10.702381889763778,262380.0,20.197244094488195
441,1,"Macon, GA",3.3671000000000006,3240.0,16.76
442,0,"Madera, CA",15.70673456790124,116910.0,22.167283950617286
443,1,"Madera, CA",6.447500000000001,2370.0,22.412499999999998
444,0,"Madison, WI",6.348543325526932,1036650.0,16.543325526932087
445,1,"Madison, WI",10.444647058823527,67900.0,14.988235294117645
446,0,"Manchester, NH",9.540653571428562,290330.0,17.75321428571429
447,1,"Manchester, NH",4.774071428571429,7270.0,18.078571428571433
448,0,"Manhattan, KS",15.07243428571427,96660.0,18.158285714285725
449,1,"Manhattan, KS",9.218599999999999,3360.0,9.069999999999999
450,0,"Mankato-North Mankato, MN",12.655648148148142,137780.0,20.97037037037036
451,1,"Mankato-North Mankato, MN",9.69975,3920.0,15.825000000000001
452,0,"Mansfield, OH",14.607010752688167,124210.0,19.54677419354838
453,1,"Mansfield, OH",5.9991111111111115,2450.0,23.511111111111113
454,0,"Mayaguez, PR",22.021811475409837,67370.0,13.177868852459019
455,1,"Mayaguez, PR",12.425,1550.0,5.76
456,0,"McAllen-Edinburg-Mission, TX",8.861194888178902,720420.0,20.682747603833857
457,1,"McAllen-Edinburg-Mission, TX",3.714384615384616,12550.0,14.107692307692307
458,0,"Medford, OR",9.614838487972522,235220.0,19.689003436426116
459,1,"Medford, OR",6.228769230769231,6790.0,20.646153846153844
460,0,"Memphis, TN-MS-AR",5.906645569620248,1702660.0,19.06202531645571
461,1,"Memphis, TN-MS-AR",5.748437500000001,55940.0,14.775
462,0,"Merced, CA",13.866195876288648,192010.0,20.825773195876298
463,1,"Merced, CA",6.967571428571428,3480.0,24.642857142857142
464,0,"Miami-Fort Lauderdale-West Palm Beach, FL",5.017656419529839,6958850.0,17.16980108499096
465,1,"Miami-Fort Lauderdale-West Palm Beach, FL",2.745411764705882,117060.0,14.376470588235293
466,0,"Michigan City-La Porte, IN",16.432146341463408,103940.0,20.1798780487805
467,1,"Michigan City-La Porte, IN",9.367166666666666,2170.0,16.733333333333334
468,0,"Midland, MI",22.419118181818174,76470.0,20.91363636363635
469,1,"Midland, MI",11.045,680.0,6.550000000000001
470,0,"Midland, TX",11.402899159663871,269760.0,20.685714285714294
471,1,"Midland, TX",1.225,990.0,21.150000000000002
472,0,"Milwaukee-Waukesha-West Allis, WI",6.0081475054229925,2223010.0,17.716702819956602
473,1,"Milwaukee-Waukesha-West Allis, WI",4.072777777777777,58830.0,11.944444444444445
474,0,"Minneapolis-St. Paul-Bloomington, MN-WI",4.990863970588238,5020010.0,16.919669117647047
475,1,"Minneapolis-St. Paul-Bloomington, MN-WI",5.472411764705883,172020.0,9.799999999999999
476,0,"Missoula, MT",11.802726086956527,160480.0,18.22695652173913
477,1,"Missoula, MT",7.319499999999999,5210.0,12.824999999999998
478,0,"Mobile, AL",8.984250000000007,463690.0,19.05493421052631
479,1,"Mobile, AL",6.490076923076923,14320.0,18.384615384615383
480,0,"Modesto, CA",8.874000000000004,500250.0,20.75382165605095
481,1,"Modesto, CA",5.2709166666666665,11370.0,19.833333333333332
482,0,"Monroe, LA",12.57856038647343,187920.0,19.02415458937199
483,1,"Monroe, LA",5.5537,4010.0,19.33
484,0,"Monroe, MI",17.730741721854308,93390.0,20.741059602649003
485,1,"Monroe, MI",8.277714285714286,2020.0,25.87142857142857
486,0,"Montgomery, AL",8.995281045751627,426960.0,17.86045751633987
487,1,"Montgomery, AL",7.947857142857144,17260.0,11.535714285714286
488,0,"Morgantown, WV",12.793014563106798,163400.0,22.629611650485455
489,1,"Morgantown, WV",7.436714285714285,6470.0,27.014285714285716
490,0,"Morristown, TN",15.249556818181823,117230.0,19.027272727272727
491,1,"Morristown, TN",9.5114,2080.0,25.46
492,0,"Mount Vernon-Anacortes, WA",12.819938967136144,125690.0,19.49483568075117
493,1,"Mount Vernon-Anacortes, WA",10.126285714285714,3260.0,12.928571428571429
494,0,"Muncie, IN",15.397145454545454,110730.0,19.36787878787879
495,1,"Muncie, IN",10.81322222222222,4240.0,21.45555555555556
496,0,"Muskegon, MI",15.451609756097561,138140.0,20.068292682926813
497,1,"Muskegon, MI",7.294571428571429,2790.0,20.642857142857142
498,0,"Myrtle Beach-Conway-North Myrtle Beach, SC-NC",10.043216312056735,437820.0,18.857092198581554
499,1,"Myrtle Beach-Conway-North Myrtle Beach, SC-NC",6.238444444444443,8690.0,22.45555555555556
500,0,"Napa, CA",12.495294930875565,187480.0,20.062672811059905
501,1,"Napa, CA",2.3267142857142855,1120.0,18.457142857142856
502,0,"Naples-Immokalee-Marco Island, FL",10.527538167938935,402100.0,20.928244274809163
503,1,"Naples-Immokalee-Marco Island, FL",5.7803076923076935,10960.0,22.76923076923077
504,0,"Nashville-Davidson--Murfreesboro--Franklin, TN",5.523309716599192,2634970.0,18.9896761133603
505,1,"Nashville-Davidson--Murfreesboro--Franklin, TN",7.533578947368421,138240.0,14.81578947368421
506,0,"New Bedford, MA",14.41739037433155,160250.0,20.54171122994652
507,1,"New Bedford, MA",9.524,4530.0,22.575
508,0,"New Bern, NC",14.555698412698408,114700.0,17.687301587301587
509,1,"New Bern, NC",8.371166666666667,2110.0,9.766666666666667
510,0,"New Haven, CT",7.852052325581393,728610.0,19.197965116279082
511,1,"New Haven, CT",2.780533333333334,11260.0,14.82666666666667
512,0,"New Orleans-Metairie, LA",6.276029478458045,1426880.0,18.513605442176864
513,1,"New Orleans-Metairie, LA",6.173642857142857,44560.0,14.657142857142857
514,0,"New York-Newark-Jersey City, NY-NJ-PA",4.531097478991594,23817410.0,13.44403361344537
515,1,"New York-Newark-Jersey City, NY-NJ-PA",4.020117647058823,603760.0,6.652941176470589
516,0,"Niles-Benton Harbor, MI",13.603746113989637,143250.0,22.369430051813477
517,1,"Niles-Benton Harbor, MI",7.7859,4240.0,24.98
518,0,"North Port-Sarasota-Bradenton, FL",7.751123595505622,809150.0,19.466292134831473
519,1,"North Port-Sarasota-Bradenton, FL",5.242117647058824,26150.0,16.65294117647059
520,0,"Norwich-New London-Westerly, CT-RI",9.897081712062263,282870.0,16.189494163424122
521,1,"Norwich-New London-Westerly, CT-RI",4.263,6160.0,22.738461538461536
522,0,"Ocala, FL",11.143346938775517,280990.0,20.031428571428567
523,1,"Ocala, FL",5.0321,5190.0,14.55
524,0,"Ocean City, NJ",19.462260869565224,93580.0,20.74710144927536
525,1,"Ocean City, NJ",15.537,1620.0,10.266666666666666
526,0,"Odessa, TX",13.44601477832513,201160.0,20.857635467980284
527,1,"Odessa, TX",8.269875,4880.0,24.2875
528,0,"Ogden-Clearfield, UT",7.424664879356557,720720.0,17.067292225201065
529,1,"Ogden-Clearfield, UT",6.541736842105263,32360.0,15.273684210526318
530,0,"Oklahoma City, OK",6.020686147186148,1699490.0,17.699134199134203
531,1,"Oklahoma City, OK",5.984388888888887,65820.0,10.872222222222222
532,0,"Olympia-Tumwater, WA",9.858321167883213,294400.0,15.770437956204388
533,1,"Olympia-Tumwater, WA",14.863818181818182,17800.0,8.718181818181819
534,0,"Omaha-Council Bluffs, NE-IA",6.264395454545452,1304790.0,17.947045454545453
535,1,"Omaha-Council Bluffs, NE-IA",8.748941176470584,70390.0,11.35294117647059
536,0,"Orlando-Kissimmee-Sanford, FL",6.007922077922078,3312120.0,18.73722943722944
537,1,"Orlando-Kissimmee-Sanford, FL",6.428777777777778,138080.0,15.200000000000001
538,0,"Oshkosh-Neenah, WI",11.435207627118643,246350.0,20.252118644067778
539,1,"Oshkosh-Neenah, WI",5.488812500000001,8030.0,22.35
540,0,"Owensboro, KY",14.812796610169498,124670.0,21.18418079096045
541,1,"Owensboro, KY",9.665428571428572,3210.0,27.085714285714285
542,0,"Oxnard-Thousand Oaks-Ventura, CA",7.592039106145244,812310.0,20.947486033519564
543,1,"Oxnard-Thousand Oaks-Ventura, CA",4.218428571428572,17660.0,21.035714285714285
544,0,"Palm Bay-Melbourne-Titusville, FL",8.279622356495468,592260.0,19.335045317220548
545,1,"Palm Bay-Melbourne-Titusville, FL",8.708812499999999,30100.0,14.84375
546,0,"Panama City, FL",11.843312775330398,202570.0,20.0964757709251
547,1,"Panama City, FL",8.061600000000002,6070.0,15.74
548,0,"Parkersburg-Vienna, WV",17.596861842105255,90850.0,20.182236842105258
549,1,"Parkersburg-Vienna, WV",13.569333333333333,2770.0,13.100000000000001
550,0,"Pensacola-Ferry Pass-Brent, FL",8.855795527156545,487460.0,20.55239616613418
551,1,"Pensacola-Ferry Pass-Brent, FL",5.216937500000001,14690.0,28.474999999999994
552,0,"Peoria, IL",8.63997394136808,419390.0,19.42410423452769
553,1,"Peoria, IL",8.56607142857143,18960.0,16.90714285714286
554,0,"Philadelphia-Camden-Wilmington, PA-NJ-DE-MD",4.848496453900709,7374330.0,16.399113475177305
555,1,"Philadelphia-Camden-Wilmington, PA-NJ-DE-MD",4.285823529411765,196490.0,10.905882352941175
556,0,"Phoenix-Mesa-Scottsdale, AZ",5.1135966542750895,5801530.0,16.48382899628252
557,1,"Phoenix-Mesa-Scottsdale, AZ",5.1636,163330.0,8.819999999999999
558,0,"Pine Bluff, AR",19.080521739130432,74080.0,17.519565217391303
559,1,"Pine Bluff, AR",19.232333333333333,1630.0,12.0
560,0,"Pittsburgh, PA",5.498583333333333,2959940.0,19.14523809523807
561,1,"Pittsburgh, PA",4.014500000000002,77180.0,13.866666666666665
562,0,"Pittsfield, MA",14.981386904761901,91220.0,19.547619047619044
563,1,"Pittsfield, MA",16.410375000000002,4760.0,21.45
564,0,"Pocatello, ID",16.565432098765452,90140.0,20.09876543209877
565,1,"Pocatello, ID",10.022874999999999,2700.0,10.387500000000001
566,0,"Ponce, PR",14.656574468085113,156590.0,18.15478723404255
567,1,"Ponce, PR",9.272999999999998,3160.0,29.45
568,0,"Port St. Lucie, FL",9.896698581560285,408310.0,20.587234042553185
569,1,"Port St. Lucie, FL",5.063076923076924,9630.0,24.03076923076923
570,0,"Portland-South Portland, ME",7.360045822102426,538780.0,18.369002695417795
571,1,"Portland-South Portland, ME",8.389941176470586,28150.0,13.129411764705884
572,0,"Portland-Vancouver-Hillsboro, OR-WA",5.013093577981652,3120340.0,15.562568807339456
573,1,"Portland-Vancouver-Hillsboro, OR-WA",8.61777777777778,177160.0,11.655555555555555
574,0,"Portsmouth, NH-ME",9.859681481481468,238150.0,16.5537037037037
575,1,"Portsmouth, NH-ME",7.074846153846153,8210.0,15.661538461538461
576,0,"Prescott, AZ",12.682801843317973,171260.0,18.696313364055296
577,1,"Prescott, AZ",7.606666666666666,4260.0,18.977777777777774
578,0,"Providence-Warwick, RI-MA",5.904074468085099,1469260.0,17.697021276595745
579,1,"Providence-Warwick, RI-MA",3.5056666666666674,27850.0,11.993333333333334
580,0,"Provo-Orem, UT",7.672570200573068,677750.0,18.308309455587406
581,1,"Provo-Orem, UT",9.394722222222223,42820.0,12.822222222222225
582,0,"Pueblo, CO",12.838175355450245,161150.0,15.947393364928907
583,1,"Pueblo, CO",5.581300000000001,3320.0,19.830000000000002
584,0,"Punta Gorda, FL",16.352589285714284,127260.0,21.10595238095238
585,1,"Punta Gorda, FL",7.491999999999999,2440.0,17.0
586,0,"Racine, WI",12.061712389380531,194550.0,19.15486725663718
587,1,"Racine, WI",6.906166666666665,5910.0,17.1
588,0,"Raleigh, NC",6.336433255269321,1680890.0,17.237939110070258
589,1,"Raleigh, NC",7.959133333333332,74170.0,11.026666666666667
590,0,"Rapid City, SD",11.347837398373988,177020.0,16.35447154471544
591,1,"Rapid City, SD",5.965454545454545,4160.0,19.427272727272726
592,0,"Reading, PA",8.998594059405947,450690.0,22.0052805280528
593,1,"Reading, PA",2.945357142857142,6810.0,21.592857142857138
594,0,"Redding, CA",12.039221238938055,174630.0,21.230973451327433
595,1,"Redding, CA",8.438625,4330.0,21.487499999999997
596,0,"Reno, NV",7.740354929577468,620130.0,18.28056338028168
597,1,"Reno, NV",6.538714285714285,20660.0,13.55714285714286
598,0,"Richmond, VA",6.218471783295711,1724120.0,18.509480812641076
599,1,"Richmond, VA",4.575187500000001,45810.0,17.625
600,0,"Riverside-San Bernardino-Ontario, CA",5.587308300395255,4211740.0,18.93636363636362
601,1,"Riverside-San Bernardino-Ontario, CA",3.878111111111112,103980.0,13.999999999999998
602,0,"Roanoke, VA",8.640197530864198,404250.0,18.504012345679016
603,1,"Roanoke, VA",5.216714285714285,10570.0,19.971428571428568
604,0,"Rochester, MN",10.33411158798284,276830.0,21.840772532188826
605,1,"Rochester, MN",5.397153846153846,8070.0,30.969230769230766
606,0,"Rochester, NY",6.274908466819213,1303870.0,16.573455377574373
607,1,"Rochester, NY",6.602333333333335,56520.0,12.649999999999999
608,0,"Rockford, IL",9.899469750889686,374340.0,19.95978647686832
609,1,"Rockford, IL",5.872866666666668,11850.0,18.513333333333332
610,0,"Rocky Mount, NC",13.812446700507612,143680.0,17.725380710659895
611,1,"Rocky Mount, NC",8.8592,2350.0,21.5
612,0,"Rome, GA",15.506696202531643,89940.0,18.99620253164557
613,1,"Rome, GA",3.151857142857143,800.0,23.442857142857143
614,0,"Sacramento--Roseville--Arden-Arcade, CA",5.487479041916159,2662730.0,19.1067864271457
615,1,"Sacramento--Roseville--Arden-Arcade, CA",4.3256250000000005,67030.0,14.274999999999999
616,0,"Saginaw, MI",12.79834123222749,204600.0,20.70710900473933
617,1,"Saginaw, MI",3.3696000000000006,2550.0,27.669999999999995
618,0,"Salem, OR",7.992163793103448,464400.0,17.40574712643679
619,1,"Salem, OR",6.391666666666667,16020.0,10.506666666666666
620,0,"Salinas, CA",9.401700680272103,474040.0,22.345238095238102
621,1,"Salinas, CA",5.014083333333334,10310.0,15.133333333333333
622,0,"Salisbury, MD-DE",8.424071641791052,417940.0,17.65432835820895
623,1,"Salisbury, MD-DE",4.468000000000001,9250.0,21.678571428571427
624,0,"Salt Lake City, UT",5.664298538622128,1966890.0,16.60250521920668
625,1,"Salt Lake City, UT",9.846166666666667,128460.0,11.700000000000001
626,0,"San Angelo, TX",14.043333333333344,122610.0,21.010582010582013
627,1,"San Angelo, TX",7.5551,3500.0,16.729999999999997
628,0,"San Antonio-New Braunfels, TX",5.853115789473684,2790590.0,19.289684210526303
629,1,"San Antonio-New Braunfels, TX",6.371647058823529,108700.0,16.24705882352941
630,0,"San Diego-Carlsbad, CA",5.3281394891944975,3796890.0,19.334970530451855
631,1,"San Diego-Carlsbad, CA",4.665470588235295,111050.0,10.988235294117645
632,0,"San Francisco-Oakland-Hayward, CA",5.0689117647058834,6025400.0,19.248431372549035
633,1,"San Francisco-Oakland-Hayward, CA",10.036076923076923,304100.0,10.946153846153846
634,0,"San German, PR",29.87003370786517,46800.0,14.346067415730339
635,1,"San German, PR",11.213000000000001,580.0,7.433333333333334
636,0,"San Jose-Sunnyvale-Santa Clara, CA",5.483992857142855,2540520.0,20.91404761904764
637,1,"San Jose-Sunnyvale-Santa Clara, CA",3.9356666666666666,39060.0,14.055555555555554
638,0,"San Juan-Carolina-Caguas, PR",6.620774647887326,1749080.0,15.775352112676046
639,1,"San Juan-Carolina-Caguas, PR",5.589866666666668,51990.0,14.886666666666667
640,0,"San Luis Obispo-Paso Robles-Arroyo Grande, CA",9.746142857142871,295680.0,20.213214285714272
641,1,"San Luis Obispo-Paso Robles-Arroyo Grande, CA",8.165899999999999,8840.0,22.069999999999997
642,0,"Santa Cruz-Watsonville, CA",11.182953389830523,240290.0,22.50593220338982
643,1,"Santa Cruz-Watsonville, CA",3.5071666666666665,3820.0,24.866666666666664
644,0,"Santa Fe, NM",12.165892857142861,156980.0,17.07901785714287
645,1,"Santa Fe, NM",10.140727272727272,6420.0,20.018181818181816
646,0,"Santa Maria-Santa Barbara, CA",8.394071651090353,491740.0,22.65015576323988
647,1,"Santa Maria-Santa Barbara, CA",3.943199999999999,10800.0,23.740000000000002
648,0,"Santa Rosa, CA",8.086579411764694,532940.0,21.095294117647054
649,1,"Santa Rosa, CA",2.386714285714286,6490.0,20.071428571428566
650,0,"Savannah, GA",9.102927152317875,468680.0,19.82649006622517
651,1,"Savannah, GA",5.308933333333335,13570.0,23.233333333333334
652,0,"Scranton--Wilkes-Barre--Hazleton, PA",7.862477653631278,682350.0,19.90642458100558
653,1,"Scranton--Wilkes-Barre--Hazleton, PA",4.217937500000001,16360.0,16.662499999999998
654,0,"Seattle-Tacoma-Bellevue, WA",4.907653631284918,5154380.0,16.686033519553042
655,1,"Seattle-Tacoma-Bellevue, WA",12.230642857142856,334910.0,9.214285714285712
656,0,"Sebastian-Vero Beach, FL",14.32009375,140340.0,20.71354166666668
657,1,"Sebastian-Vero Beach, FL",7.155375,2920.0,17.825
658,0,"Sebring, FL",22.341504201680685,65290.0,20.430252100840338
659,1,"Sebring, FL",15.225666666666667,1120.0,6.733333333333333
660,0,"Sheboygan, WI",13.647666666666668,155910.0,21.96111111111111
661,1,"Sheboygan, WI",6.0871666666666675,4230.0,15.933333333333335
662,0,"Sherman-Denison, TX",15.367135593220343,123960.0,19.689265536723166
663,1,"Sherman-Denison, TX",9.037833333333333,2470.0,20.0
664,0,"Shreveport-Bossier City, LA",9.455906574394469,448740.0,19.138754325259512
665,1,"Shreveport-Bossier City, LA",6.4226363636363635,11610.0,17.227272727272727
666,0,"Sierra Vista-Douglas, AZ",16.220899999999997,82120.0,16.243750000000002
667,1,"Sierra Vista-Douglas, AZ",13.63109090909091,4750.0,10.327272727272726
668,0,"Sioux City, IA-NE-SD",10.555530534351146,216530.0,17.006870229007628
669,1,"Sioux City, IA-NE-SD",7.044499999999999,5530.0,11.48
670,0,"Sioux Falls, SD",8.562455384615385,427330.0,15.312615384615397
671,1,"Sioux Falls, SD",6.273187500000001,15430.0,10.35
672,0,"South Bend-Mishawaka, IN-MI",8.47444654088051,341820.0,17.2864779874214
673,1,"South Bend-Mishawaka, IN-MI",4.878176470588234,10540.0,16.041176470588233
674,0,"Spartanburg, SC",10.031657039711195,430670.0,17.822021660649817
675,1,"Spartanburg, SC",4.919714285714285,10670.0,17.25
676,0,"Spokane-Spokane Valley, WA",7.628138586956523,652660.0,17.543750000000003
677,1,"Spokane-Spokane Valley, WA",5.192875,19330.0,15.31875
678,0,"Springfield, IL",10.081062730627307,268930.0,18.792988929889304
679,1,"Springfield, IL",8.751000000000001,11200.0,22.12307692307693
680,0,"Springfield, MA-CT",7.267551451187332,839080.0,17.686015831134565
681,1,"Springfield, MA-CT",6.204411764705882,32130.0,21.335294117647063
682,0,"Springfield, MO",8.743748427672951,569120.0,19.514150943396235
683,1,"Springfield, MO",5.956625,19520.0,22.412499999999998
684,0,"Springfield, OH",15.229707865168544,122040.0,23.032584269662912
685,1,"Springfield, OH",6.682124999999999,2400.0,26.1125
686,0,"St. Cloud, MN",9.526768965517242,275140.0,17.288965517241387
687,1,"St. Cloud, MN",5.909571428571427,8240.0,14.85
688,0,"St. George, UT",12.844679245283015,186570.0,19.823113207547163
689,1,"St. George, UT",9.2577,6350.0,19.169999999999998
690,0,"St. Joseph, MO-KS",14.536852459016396,138030.0,19.063934426229512
691,1,"St. Joseph, MO-KS",6.925400000000001,3600.0,20.560000000000002
692,0,"St. Louis, MO-IL",5.377464980544748,3593790.0,18.19124513618677
693,1,"St. Louis, MO-IL",7.726529411764708,170780.0,11.100000000000001
694,0,"State College, PA",12.387065326633165,158520.0,19.451256281407023
695,1,"State College, PA",10.345818181818181,7310.0,11.20909090909091
696,0,"Staunton-Waynesboro, VA",13.810299492385772,125850.0,20.335532994923856
697,1,"Staunton-Waynesboro, VA",7.664285714285714,2490.0,13.642857142857142
698,0,"Stockton-Lodi, CA",7.6338898809523785,635860.0,19.69553571428572
699,1,"Stockton-Lodi, CA",4.195692307692308,13530.0,16.06923076923077
700,0,"Sumter, SC",17.02429299363057,96360.0,15.914649681528656
701,1,"Sumter, SC",11.0464,1990.0,20.3
702,0,"Syracuse, NY",7.027916243654826,777810.0,16.443147208121825
703,1,"Syracuse, NY",2.9625333333333335,12480.0,19.153333333333332
704,0,"Tallahassee, FL",8.798624183006535,456850.0,17.2624183006536
705,1,"Tallahassee, FL",9.081124999999998,24640.0,12.81875
706,0,"Tampa-St. Petersburg-Clearwater, FL",5.6251326530612245,3592860.0,18.882448979591857
707,1,"Tampa-St. Petersburg-Clearwater, FL",4.298764705882354,95250.0,16.711764705882352
708,0,"Terre Haute, IN",12.140290748898675,173460.0,19.11629955947137
709,1,"Terre Haute, IN",6.633666666666667,3760.0,11.700000000000001
710,0,"Texarkana, TX-AR",13.863714285714284,148180.0,17.516326530612243
711,1,"Texarkana, TX-AR",8.7645,2870.0,16.733333333333334
712,0,"The Villages, FL",19.7153925925926,79780.0,19.907407407407405
713,1,"The Villages, FL",10.3858,1560.0,15.38
714,0,"Toledo, OH",7.432521164021165,770810.0,19.444973544973553
715,1,"Toledo, OH",4.0264444444444445,19890.0,20.63888888888889
716,0,"Topeka, KS",9.435062068965516,287280.0,17.77620689655172
717,1,"Topeka, KS",9.964166666666666,12560.0,14.608333333333334
718,0,"Trenton, NJ",8.521773770491802,599210.0,17.895737704918034
719,1,"Trenton, NJ",7.041357142857144,22730.0,13.25
720,0,"Tucson, AZ",7.03508505154639,1005740.0,17.31288659793815
721,1,"Tucson, AZ",7.5028823529411754,47000.0,14.899999999999999
722,0,"Tulsa, OK",6.452125581395354,1187190.0,18.68162790697675
723,1,"Tulsa, OK",5.970555555555557,45990.0,14.105555555555558
724,0,"Tuscaloosa, AL",10.491203846153837,273200.0,17.965769230769226
725,1,"Tuscaloosa, AL",5.512416666666666,6630.0,22.84166666666667
726,0,"Twin Falls, ID",15.437164772727277,124800.0,23.085227272727277
727,1,"Twin Falls, ID",11.4346,2620.0,24.16
728,0,"Tyler, TX",10.32883458646616,269700.0,21.893609022556397
729,1,"Tyler, TX",6.133000000000001,6630.0,19.78181818181818
730,0,"Urban Honolulu, HI",6.5565525672371665,1111440.0,15.922249388753064
731,1,"Urban Honolulu, HI",6.831437499999999,45310.0,13.15
732,0,"Utica-Rome, NY",9.681091549295775,317100.0,18.137323943661972
733,1,"Utica-Rome, NY",5.147062500000001,9500.0,16.168750000000003
734,0,"Valdosta, GA",13.920329842931935,137490.0,19.701570680628265
735,1,"Valdosta, GA",2.0435,630.0,23.53333333333333
736,0,"Vallejo-Fairfield, CA",10.118332089552242,360410.0,21.448134328358197
737,1,"Vallejo-Fairfield, CA",2.25125,3590.0,20.883333333333336
738,0,"Victoria, TX",17.430714285714288,97810.0,22.47532467532467
739,1,"Victoria, TX",11.4254,2090.0,17.119999999999997
740,0,"Vineland-Bridgeton, NJ",13.903843434343429,157760.0,16.234343434343433
741,1,"Vineland-Bridgeton, NJ",2.709,460.0,14.1
742,0,"Virginia Beach-Norfolk-Newport News, VA-NC",6.032066810344831,2013670.0,17.60926724137931
743,1,"Virginia Beach-Norfolk-Newport News, VA-NC",7.100866666666667,76640.0,12.02
744,0,"Visalia-Porterville, CA",10.549611320754716,415460.0,21.855849056603788
745,1,"Visalia-Porterville, CA",3.8197692307692304,7380.0,23.06923076923077
746,0,"Waco, TX",9.575479020979015,314750.0,19.650349650349646
747,1,"Waco, TX",6.083153846153847,9100.0,16.68461538461538
748,0,"Walla Walla, WA",17.09914383561645,62030.0,16.557534246575347
749,1,"Walla Walla, WA",9.8378,1230.0,11.5
750,0,"Warner Robins, GA",12.59581220657278,194860.0,17.85633802816901
751,1,"Warner Robins, GA",8.216818181818182,6570.0,18.38181818181818
752,0,"Washington-Arlington-Alexandria, DC-VA-MD-WV",4.669652252252252,7832570.0,15.603783783783781
753,1,"Washington-Arlington-Alexandria, DC-VA-MD-WV",9.267764705882355,476180.0,9.841176470588234
754,0,"Waterbury, CT",12.481847926267278,170190.0,20.13548387096774
755,1,"Waterbury, CT",2.3662222222222224,1320.0,18.011111111111106
756,0,"Waterloo-Cedar Falls, IA",10.829334661354578,226810.0,18.633864541832665
757,1,"Waterloo-Cedar Falls, IA",7.477538461538463,8120.0,23.623076923076926
758,0,"Watertown-Fort Drum, NY",15.713023391812879,97250.0,17.07602339181286
759,1,"Watertown-Fort Drum, NY",8.136285714285714,2060.0,11.357142857142856
760,0,"Wausau, WI",12.10488986784141,188180.0,18.939647577092515
761,1,"Wausau, WI",6.381142857142857,6110.0,14.064285714285715
762,0,"Weirton-Steubenville, WV-OH",16.054791666666652,94030.0,19.986904761904764
763,1,"Weirton-Steubenville, WV-OH",8.844666666666667,1840.0,21.299999999999997
764,0,"Wenatchee, WA",15.251245810055858,123010.0,18.92402234636872
765,1,"Wenatchee, WA",7.3614999999999995,2650.0,21.9625
766,0,"Wheeling, WV-OH",12.868367924528298,154210.0,19.414622641509435
767,1,"Wheeling, WV-OH",6.2124999999999995,3530.0,20.04
768,0,"Wichita Falls, TX",12.812627450980393,142040.0,19.571568627450997
769,1,"Wichita Falls, TX",9.774799999999999,2660.0,20.240000000000002
770,0,"Wichita, KS",7.143677002583972,797670.0,19.867700258397935
771,1,"Wichita, KS",5.484117647058824,26920.0,18.129411764705882
772,0,"Williamsport, PA",13.9137435897436,127750.0,21.85076923076922
773,1,"Williamsport, PA",7.547875,2850.0,24.1125
774,0,"Wilmington, NC",9.572069204152255,350620.0,18.721799307958477
775,1,"Wilmington, NC",8.422181818181816,11760.0,15.372727272727273
776,0,"Winchester, VA-WV",13.229713592233011,161040.0,18.04805825242718
777,1,"Winchester, VA-WV",6.741090909090909,4380.0,27.96363636363636
778,0,"Winston-Salem, NC",7.903037037037043,713650.0,17.52136752136752
779,1,"Winston-Salem, NC",5.070764705882352,22180.0,14.558823529411766
780,0,"Worcester, MA-CT",7.4396212534059964,726550.0,17.575749318801098
781,1,"Worcester, MA-CT",7.3429375000000014,31260.0,16.1
782,0,"Yakima, WA",10.979800000000006,252670.0,17.385490196078425
783,1,"Yakima, WA",4.7082999999999995,4250.0,13.86
784,0,"York-Hanover, PA",8.997501618122964,475330.0,21.763106796116496
785,1,"York-Hanover, PA",5.066062499999998,13870.0,19.10625
786,0,"Youngstown-Warren-Boardman, OH-PA",8.610896024464829,544060.0,19.58929663608561
787,1,"Youngstown-Warren-Boardman, OH-PA",3.9575333333333345,11480.0,24.280000000000005
788,0,"Yuba City, CA",15.26157647058823,114460.0,21.67529411764706
789,1,"Yuba City, CA",6.723333333333333,2680.0,16.644444444444442
790,0,"Yuma, AZ",13.517142857142861,166330.0,18.127586206896556
791,1,"Yuma, AZ",6.223454545454545,4160.0,17.645454545454545
